-6.826712494601508974e-01,6.929744584025658849e-01
9.343041495033017618e-01,-2.578350613513686884e-01
-8.505137652200422949e-02,-9.712479710260204513e-01
-7.916796254574632874e-01,-5.679491400150711300e-01
6.138380457127348144e-01,8.319027773150921012e-01
5.732283387209649028e-01,7.895470554418402287e-01
9.108129050617362887e-01,3.229452958877285784e-01
7.028656670550708085e-01,-8.173856333034692501e-01
-8.162559853691755407e-01,-6.780962049272170056e-01
-2.839088374233230128e-01,-9.793837969907653873e-01
1.030809832248388958e+00,1.401919585901990062e-01
9.586209482907539492e-01,-1.577937909917949966e-01
4.956498525500778740e-01,-8.677476854104416715e-01
2.004184404445693291e-01,9.441373117363507372e-01
3.920437010588808668e-01,9.109635613108090224e-01
4.085305440244248465e-01,9.573919202862346545e-01
-3.233656539382545603e-01,8.659169228953180752e-01
-9.804994621782036068e-01,-1.959270552670141774e-01
-9.372789950465597597e-01,3.917230091060460162e-01
-2.749209085279950560e-01,9.277464950394216370e-01
-7.572860825261522599e-01,-6.862463680472369321e-01
6.499571554111460703e-01,8.317404661791715226e-01
-2.993110956211069151e-01,9.570986431135197758e-01
-7.390657024520255192e-01,7.359150172486402797e-01
-9.439725122240865129e-01,2.929074935457803286e-01
2.214098113010040392e-01,-9.505279333077160109e-01
3.829643661602905036e-01,9.988425730203648323e-01
-1.010779240441175952e+00,-1.303534984468468494e-01
-8.475873061608220072e-01,-5.753533655407409020e-01
9.704747802126270084e-01,2.543283545741090168e-01
-7.823134855734620308e-01,-6.017647696412981029e-01
4.760177131930313776e-01,8.511280660703751666e-01
9.508478374627099550e-01,3.443105766009470492e-01
9.395998051749681057e-01,-3.168471030087536278e-01
9.772252240260933531e-01,-2.091618281431057158e-01
3.760057568417219942e-01,-9.344374793653964506e-01
-3.468617768362923237e-01,9.301740098258400868e-01
8.002346527502864904e-01,5.981602421409997206e-01
-4.198488236016679198e-01,-8.918846726641116440e-01
-9.295915103435068438e-01,3.524932073808131339e-01
7.376300039608171266e-01,6.732550100832367379e-01
-9.814939576751945394e-01,3.631530923649670117e-02
9.598844914087119040e-01,2.293411442584021021e-01
8.574889818326169033e-01,-5.066942715909033002e-01
-2.781706670934171177e-02,1.012371230411196033e+00
-5.542657789046790962e-01,-7.834708985729105235e-01
-4.177913092204513235e-01,9.526088764570525003e-01
-9.798649765625288000e-01,-1.589602501628534781e-01
-9.607553057883757575e-01,-2.915211320920915172e-01
4.349069422271615859e-01,8.972196805145553622e-01
9.743874497030395876e-01,-2.560048973303231112e-01
2.063152137471292447e-01,-1.017828701233437494e+00
9.378574899423884892e-01,-3.739175491792410821e-01
7.867183503117972654e-01,-5.908621462435685867e-01
-7.694412372102604758e-01,-5.699476908791081264e-01
9.004436353552427441e-01,-4.621004098893617407e-01
8.781395493067954972e-01,5.147149080198792914e-01
3.633315357230090248e-01,9.743579854748712910e-01
9.905068242155968816e-01,2.616942102708501028e-01
-4.605991699377696147e-01,8.968341071043102186e-01
-8.039545533871984562e-01,6.889074932824504893e-01
-1.340851718515383983e-01,9.990457831819568035e-01
4.584704874526916996e-01,-9.176226969243623799e-01
-6.386554812138489634e-01,7.895538955650531765e-01
-1.741021748197115748e-01,9.857453029263696376e-01
-9.544267458139836791e-01,-2.745918170630572974e-01
6.469720126876786770e-01,8.161341191558141306e-01
3.420459579129594974e-01,-9.238077120987334689e-01
9.005991115527390845e-01,4.089660349362177483e-01
9.670660914029852728e-01,-6.943540629432012889e-02
1.390040481130353223e-01,-9.778102366725600625e-01
3.640882788431832329e-01,9.690631543511138979e-01
1.034997576007843367e+00,3.736697361635527709e-02
3.769801445159507436e-01,-9.182357122555652174e-01
-2.905228914984648303e-01,-9.194177825789263681e-01
-1.091686225016967327e-01,-9.765942324637174599e-01
1.681986860949876428e-01,-1.048206926359878333e+00
9.103472635508751409e-01,4.115708472869282208e-01
-6.301718331165602205e-01,7.678075545042409855e-01
7.652017683462961628e-01,6.718507377639407752e-01
6.903643273396937730e-01,-7.749589258591041974e-01
-6.945747285740374588e-01,-6.949178431361168196e-01
-5.329340898925626346e-01,8.475973568633978772e-01
9.170760229271175401e-01,4.202725344567727617e-01
-3.607427848640935020e-01,8.944714901582623279e-01
-4.589844361358935698e-01,9.475435858613253659e-01
-1.246425587318423928e-01,-1.001057815729687661e+00
-6.352677517507282490e-01,-7.390528073499028627e-01
7.463327786235979255e-01,-6.366073693347523710e-01
-9.941002986081912685e-01,1.940348496494415653e-01
7.355101314178933425e-01,6.963157671139591498e-01
-2.503610739873472490e-01,-9.966764722143145461e-01
9.444987264630443080e-02,-9.999500796782148093e-01
-9.187320676908692363e-01,-3.842383630213928036e-01
1.567745973573401730e-01,-1.008522707098736371e+00
-1.003074845160363049e+00,6.120025804267153341e-02
-9.566466821041741397e-01,-1.571605338620368775e-01
-8.427239671213125893e-01,4.485657217194707336e-01
9.577804860899838957e-01,1.694711941548403267e-01
7.680596706775244531e-01,6.394349748682413015e-01
9.793531038167065939e-01,1.982947720179321915e-01
-6.804171058433202690e-01,-7.279445359962797291e-01
-4.261245349742251998e-01,8.879999324765031066e-01
-9.881619653472049070e-01,-8.499153867273956386e-03
8.260657867949670052e-01,-5.288512203327887518e-01
3.479951234495508305e-02,1.023028181967303718e+00
-8.544151768977201744e-01,5.029406266643681178e-01
-2.755441715918034024e-02,-1.006824535500894235e+00
1.661359603721168088e-01,9.593502386390340142e-01
9.050909185578785987e-01,4.381704241219896989e-01
-2.441774043133298766e-01,9.889856500395617367e-01
5.106825151129796847e-01,8.532357877531799861e-01
8.922783959763069817e-01,-4.075568675325760837e-01
3.637728936185988249e-01,-9.324611436009080379e-01
-6.247338823359208648e-01,-7.247117934295358443e-01
6.716859177156683236e-01,-7.250839253884563407e-01
3.287295949212648560e-01,-9.414029570802315838e-01
4.594644760974309627e-01,9.321149006732726283e-01
7.230898187740114613e-01,-6.403028605871966539e-01
-1.024247298561771879e+00,-2.540110053984609984e-01
2.969248847436967154e-01,-9.602241654742814658e-01
7.513352557446507651e-01,-5.966112404031241878e-01
-4.143801996732746074e-01,9.186642486889091685e-01
7.673486827589709458e-01,5.982466601408480411e-01
1.527154034021287743e-01,1.044762875255230261e+00
-8.853687656961833907e-01,4.301063568271134008e-01
3.740763900261494523e-01,-9.357463121698357256e-01
6.537655087726190750e-01,-7.372329208499761588e-01
1.006423023223720126e+00,6.628726312628581419e-02
-9.777088052178044553e-01,-5.315194244541636415e-02
-8.869749849238468542e-01,5.008626150374124730e-01
1.503652130785401442e-01,9.851755330484911477e-01
7.389037709434251866e-01,7.314037318503389118e-01
-5.601527169225540836e-01,8.658781617125343999e-01
9.782380399035499607e-01,-3.296065208878665720e-01
-4.203466771693822324e-01,9.126949069834856543e-01
-9.563234473223848342e-01,-1.485431314600678676e-01
-3.301141539239746958e-01,-9.569258337717462259e-01
-7.159430930580483743e-01,7.905782355254542537e-01
1.018843786555678976e+00,-1.886254867099890487e-01
9.618077166224423546e-01,-2.358132363566356471e-01
-9.727193883597461121e-03,1.003533587720115250e+00
-9.840645859391026207e-01,1.240566841716040508e-02
-2.875886362331807611e-01,9.619474499582743032e-01
-2.343290928310516885e-01,1.013889905879719722e+00
9.348524208970178107e-01,2.270918341253330974e-01
-7.449122263129875909e-01,-6.557598613309280067e-01
-9.911045562489261274e-01,-1.467164864748363162e-03
9.238100055499718355e-01,3.157904874327954747e-01
-1.834464580043735638e-01,9.682429664390636015e-01
9.035276413595002554e-01,-5.665739197495663904e-01
9.395550977438894835e-02,9.867422711463852414e-01
5.827003842907548803e-01,7.926574261732463045e-01
-9.794495295250328359e-01,9.225241363237796088e-02
1.040116807710124602e+00,-6.751546977083647261e-03
5.698164354436408702e-02,9.800030800270599363e-01
-4.571457253664485965e-01,-8.902198987989525802e-01
9.912830724689375428e-02,-1.034017971632750443e+00
1.445705118017073243e-01,1.021192540037007657e+00
-1.840649129033734566e-01,-1.010698104865765279e+00
-6.512496692608710225e-01,7.716979214139101373e-01
-7.098913612162417452e-01,-7.186461521642841799e-01
-7.232810382530301396e-01,-7.464961696610217246e-01
-9.433963578071014044e-01,-2.384869458750727700e-01
8.007374257775468074e-01,5.414978941451741301e-01
4.935758979518193312e-01,-8.419699917418449475e-01
-4.552447030946423223e-01,8.808802960112701586e-01
3.312226202142710130e-01,9.263078014594071652e-01
9.628103160625246515e-01,2.197985061817195607e-01
-8.358280406531189977e-01,-5.115114338550423856e-01
-4.456719162778292054e-01,-8.906220481368837261e-01
1.002302389367739632e+00,6.997914690420856121e-02
-9.389574829039404325e-01,-8.922477026716452153e-02
1.656991632525248170e-01,1.010867176672975321e+00
-6.159963853126817490e-01,-7.736606987100482780e-01
4.644852548666338898e-01,8.491034495485786371e-01
-3.720361482330910019e-01,-9.492513508194413419e-01
-7.703344200638903017e-01,6.162185995958310292e-01
9.538711355545391735e-01,-3.418467981314251558e-01
6.770044530160217455e-01,7.964201097436384158e-01
-5.512175545873819749e-01,8.227265163775555612e-01
7.344019224928879375e-01,6.723003345685411025e-01
8.965519250119252659e-01,-4.578886080843739270e-01
7.540483807621036760e-01,-6.851861567323594970e-01
-7.359401088734912610e-02,9.795002233342771092e-01
-5.166256680638426912e-01,-8.148155458162917864e-01
4.255236080851383940e-01,-8.584789666161483090e-01
-8.942170394092199270e-01,-3.274529532501144202e-01
-1.006410095021865736e+00,-2.222687797475138283e-01
4.021662544269600376e-02,1.019989657018039786e+00
8.853769328104307279e-01,5.639891119657768348e-01
8.316608167864470991e-01,-6.087843928334406574e-01
8.281691442555989546e-01,-5.623748447289480534e-01
-7.261925947655065716e-01,-7.538606045993669902e-01
-5.038137243889184713e-01,8.553401770317137220e-01
-6.175958013522838685e-01,7.432059114516988974e-01
-1.608446390239379187e-01,-9.906342093449096442e-01
7.732159150629085431e-01,-5.983304678062592030e-01
7.730356297254894482e-01,-6.324557832503174826e-01
1.199912394593071197e-01,-1.019599514006461316e+00
-6.361508381234515230e-01,-7.624068861880346493e-01
8.773149976428729069e-01,5.177265472331263885e-01
5.163159565940992346e-01,8.405020206522570980e-01
7.830479940416013029e-01,-5.733868592754269855e-01
-8.106499735994324718e-01,-5.959393187700460226e-01
1.004208590564461767e+00,5.648083242762869105e-02
7.849770446275029512e-01,5.569074561621696340e-01
-5.354361375487479702e-01,-8.652441216705113458e-01
9.325018301511930341e-01,2.621659680715139953e-02
5.576725972053161451e-01,8.630775803660106771e-01
-9.675168480950782079e-01,-3.001135558143614435e-01
-3.727545606914346998e-01,-9.298873120580317675e-01
-5.342194246887368436e-01,-7.888109247133242574e-01
1.756946330615969110e-01,9.730216774819653303e-01
-2.141975635389557486e-01,-1.019599817327653923e+00
7.289448444078365508e-02,1.013298896816265060e+00
-4.352887034900705387e-01,9.088069159307609057e-01
-1.370599071612785616e-02,-1.005291828204775806e+00
-5.744365717914818870e-01,-8.346045795322170058e-01
5.599444851820908342e-01,-8.101296588977240365e-01
-5.435320493501143435e-01,-8.878222809407402272e-01
-8.964299150874837085e-01,-3.942878924161023479e-01
8.295466240298580152e-01,6.223235293409681290e-01
-6.933271769824154163e-01,7.285068465166313345e-01
-1.065460149058118644e-01,9.932870269603027991e-01
2.845935774555378300e-02,9.595044978954813120e-01
9.702002126963454876e-01,-1.715286476817520223e-01
-7.480308684639451755e-01,6.845834381073273578e-01
8.164111025208737882e-01,-6.493901940404701589e-01
-6.989909120077624216e-01,-7.383528924723783415e-01
3.283170559155982882e-01,-9.653017340115820355e-01
-1.037402678586389682e+00,-3.074113415486232417e-02
-8.641036363641746432e-01,-4.451059027486574671e-01
-1.004556936775043541e+00,6.632135576370795649e-02
2.730191027444408003e-01,9.443329731231354662e-01
-1.478865711939643668e-01,-1.008609694216952013e+00
-2.157964435899148437e-01,9.285859541981289489e-01
1.033311451710507978e+00,1.318231494164769368e-01
-6.037432083302145536e-01,-7.748924660807459119e-01
4.848936262593602220e-01,8.925967212647843985e-01
9.155790518206149420e-01,-3.605499007942473133e-01
9.947056758401969789e-01,-2.902616110805633087e-01
8.333056957148020638e-01,-5.533449863116175482e-01
-7.198101339730820225e-01,7.527293858897806667e-01
9.862210846571162204e-01,7.978440343916395894e-02
8.800318814932516220e-01,-4.329096826275839471e-01
-9.066818446161618583e-01,4.283510554652150693e-01
1.016289004502136661e+00,-1.644916802528541000e-01
9.284595617623563335e-01,-2.173332126329091396e-01
5.810084276107388979e-01,-8.047787918856544875e-01
-2.669182834308858610e-01,9.552385883955403223e-01
-7.439999403712445059e-01,6.798817386767466164e-01
6.018783414373940488e-01,-8.230900567715428995e-01
-4.259945892746477836e-01,8.721790038226785446e-01
4.603965557382418416e-01,9.302511919560613185e-01
-9.593835592189848827e-01,-3.831115594063222440e-01
9.296590995925581025e-01,-3.935995317417371187e-01
-3.381740811081221931e-01,-9.032070947333672439e-01
-8.891348507041926252e-01,-4.411144397438207521e-01
8.073132599502825801e-01,5.591286508865925819e-01
-7.253446990462495414e-01,-6.700598835855984259e-01
9.473401894159736436e-01,-6.381924241291403455e-02
5.935523394662596264e-01,8.326164295007878469e-01
-1.020683082979445766e+00,-1.194914715183145459e-01
7.248726614073696117e-01,-7.046481155427114507e-01
-6.617159840504428792e-02,-9.863896760771616590e-01
-2.836354295070727116e-01,-9.233913800856381471e-01
-2.523257219860812750e-01,-9.853604443425780790e-01
-6.259827123692203177e-01,7.769373961377042948e-01
-2.605555611660743676e-01,1.001642300714676859e+00
3.581459038863766264e-01,-9.427136707192828036e-01
3.838870927671597100e-01,-9.797989099018318271e-01
6.643247227088848739e-01,-7.452318546903499152e-01
8.290357469428024650e-01,-4.886334991294581376e-01
-1.027500209162220290e+00,-7.504837209425668787e-02
-9.916645645088707495e-01,2.874659058854826116e-02
2.985135023653645026e-01,-9.278389523547440065e-01
-5.681567834906532388e-01,-8.053925670958642646e-01
-3.280501246822236650e-01,-9.953705283407290327e-01
2.867821732605188023e-01,-9.742389335200153377e-01
7.965299797124113512e-01,-6.163064097517660933e-01
-5.303692593029576408e-01,8.182720546740021028e-01
-6.952491770089275214e-01,6.757259496309158120e-01
8.092108483247576478e-01,5.290849332830134255e-01
-8.853779413969521395e-01,-4.391648843636217769e-01
9.744656043329789075e-01,2.113837123591881528e-01
-1.019871667223860578e+00,2.300880092065637206e-01
-9.863859083720936116e-01,-2.614262741805640777e-01
-2.376003945983065635e-01,9.974609529197168145e-01
-8.459574413853346853e-01,-5.419062858369964042e-01
9.954296398277056035e-01,2.500490228449248620e-01
9.977161160226866166e-01,2.300121052102422348e-01
4.405969273168395817e-01,-9.125916735158582371e-01
-6.652109526508179771e-01,7.541181870716346936e-01
6.760579308829350875e-01,7.346781731476516031e-01
-1.020541468693562548e+00,-1.016027764934829547e-01
1.465598044480929396e-01,-9.915400188207068588e-01
2.131149405170445765e-01,9.612700094128425743e-01
-7.087791760725933310e-01,-6.669029299363167240e-01
8.397444199990122815e-01,4.675573031329906537e-01
9.676242067763169974e-01,3.282215471679114094e-01
-1.012334376415764181e+00,-2.164742897139274869e-01
-9.918772303025907844e-01,-2.730418121043448054e-01
-6.589361691700973411e-01,-7.676574109950630165e-01
-1.680616914464608813e-01,-1.010177542088854796e+00
9.820420136378422704e-01,-1.464023206351610928e-01
-1.003704246326532434e+00,-6.947376238276012361e-02
-4.281450248416177051e-01,8.517753262902915123e-01
2.949246048842735224e-01,-9.428427503665466336e-01
-1.428131129911070774e-01,9.491637739979786881e-01
-9.271498708839187586e-01,3.739077508541184813e-01
8.492193484475930587e-01,4.321936572030544155e-01
9.848653096626744929e-01,1.520196589944098897e-01
9.607875423861415021e-01,-2.348972432052759962e-01
4.831475354381171705e-01,-8.698869897183054700e-01
-3.178907261299246945e-01,-9.528332200408163866e-01
-8.880654650727305421e-01,5.280028232777225217e-01
4.332507566720557035e-01,8.936442050671485893e-01
5.636089366029861658e-01,7.852142659939965741e-01
1.993758983416288669e-02,9.685478529026705363e-01
-9.084554320590969567e-01,-3.057714930635295203e-01
-2.558664468592564689e-01,-1.007653450783674964e+00
-5.249356664823355834e-01,-8.560571657954861857e-01
-1.897065469805832849e-01,1.027972030496275169e+00
9.402835978253732963e-01,-2.781082016164335147e-01
-3.582154038639651095e-02,-9.894601818669094273e-01
-9.876801677934762269e-01,-3.206248215939451751e-01
-7.964646627222421449e-01,-6.059347474473653072e-01
-8.983628024630261333e-01,5.679275397417300475e-01
5.575135162803326883e-02,9.773713517762140368e-01
-6.171586649234861444e-01,8.077064303241179299e-01
7.143935797492612094e-02,-9.862764570375655016e-01
1.031322569228379171e+00,8.683634859372953152e-02
7.352668578535914712e-01,6.565434556622524731e-01
9.827905820297813122e-01,2.953619535203168001e-01
9.756712801913817179e-01,2.756106478753222455e-01
5.571904145534100072e-01,-7.796097057334006042e-01
-2.808983634554756970e-01,-9.107154367695460273e-01
-1.030089193765602706e+00,2.055943428816927321e-01
8.190730963765462391e-01,5.905496652366771793e-01
-9.512202789384788248e-01,6.851214762866533747e-02
-9.748189015417990655e-01,1.727626727702273879e-01
4.503558430824431968e-01,8.850149599572124659e-01
-9.350988618337140457e-01,4.024990849318912933e-01
-8.695157734837112296e-01,6.074925433614438708e-01
-7.500106549063175754e-01,-6.748163427903216549e-01
-6.546559328303911407e-01,-7.910391386567244831e-01
1.014315919378743214e+00,2.779187889691566715e-01
-7.095078451254936969e-01,6.815258167794906452e-01
-7.025988055789037512e-01,-6.716957734576719519e-01
-9.705116719171876793e-01,4.457816459404646131e-03
6.357280459540241013e-01,-7.945221376178775996e-01
-5.837475091060291277e-01,-8.455864619936616089e-01
5.134991706887791496e-01,8.837215453910578500e-01
9.120488404923876580e-01,4.746037901922678381e-01
-5.917751988353389114e-01,-7.930222103511780363e-01
9.353947587223658822e-01,2.049882226786670369e-01
-8.198097942104881630e-01,-5.518642966189097887e-01
9.729871339907132377e-01,-3.559733991985303270e-01
-8.851060281718674538e-01,-4.109794184666814010e-01
-7.251072171470461791e-01,6.646602252577469283e-01
-6.079880269285128369e-01,-7.660866338165729372e-01
-9.771079182387705231e-01,2.577490395011410307e-01
-9.847214682685768716e-01,-2.921283972719618816e-01
9.227572904438600121e-01,-3.775172264360804886e-01
-7.508076622765202934e-01,6.469375093845348701e-01
9.846188312257720954e-01,-2.873143040151317495e-01
8.251114132876472551e-01,-5.565397482768992266e-01
3.252726455098524094e-01,9.376779415857462441e-01
8.617000309455095097e-01,4.322253879692154466e-01
8.244473920815492685e-01,6.056894574625917294e-01
1.022826713303109925e+00,1.199401010827901015e-01
8.425791807876024109e-01,5.635991899772181402e-01
-3.891673147312761372e-01,-9.573106978314820381e-01
8.763527679751754729e-01,4.774002272487521958e-01
-4.895242534826549918e-01,9.035847127857737915e-01
5.945854346866418227e-01,-8.301579550044297928e-01
9.778755005037246262e-01,1.493612371260286398e-01
3.840950116789575430e-01,-9.182034513198243930e-01
-2.181408065547758568e-01,1.011388546891955231e+00
7.770611440652095414e-01,6.723241648571609552e-01
-3.676561656749126605e-01,-9.593354606991938427e-01
-6.945769169773325924e-01,-7.101097285459710973e-01
6.894987924075947072e-01,-7.177898361357071266e-01
-7.922273828357302705e-02,-9.690529214895523547e-01
3.121645410007732879e-01,-9.817723849958968074e-01
-1.070528236403670841e-01,1.001962331576474519e+00
4.327297895387348659e-01,9.224353149735141644e-01
3.431395880300410102e-04,-9.754706267993333846e-01
3.540690556075515305e-01,-9.343323297485714996e-01
9.950090649685550126e-01,-1.005523726486257929e-01
-7.982198040427908037e-01,4.952428061506480850e-01
-7.321946084661675735e-01,7.142108335432854060e-01
1.380077777652242987e-01,-9.877229883289951884e-01
-5.206338403249973767e-01,8.697575906428880455e-01
9.298822154694180719e-01,-4.301117650922085534e-01
6.311104929474197212e-01,-7.652976172034312574e-01
-9.518253941466654489e-01,4.476251906748168752e-01
-3.573721393216391928e-02,-9.422870407587040642e-01
1.710075600308950255e-02,-1.004820652074761123e+00
7.755587658628135816e-01,5.857356550253303151e-01
8.826488172162879620e-01,-5.481409859392459838e-01
-1.043264647880768115e+00,9.541275169517214605e-03
4.958738940460534761e-01,-8.947640632637797742e-01
-4.173883268763762255e-01,9.042717169121292642e-01
8.479473363697259680e-01,-6.328239867182656742e-01
-7.631772800891416519e-01,6.291735331744635618e-01
9.571581714450235756e-01,1.300186456173243466e-01
7.950142530649608741e-01,-5.538718162492481945e-01
7.907440907436780186e-01,5.313499951339346605e-01
-4.099405857569488054e-01,8.833325676757904921e-01
9.677706479496361869e-01,-3.162547605473570722e-01
9.850338528148890882e-01,-2.668780652081013671e-01
-9.120117430407191916e-01,-4.430536178078309795e-01
-6.708989883989197045e-01,-7.193077022725397063e-01
-9.475863080262603155e-01,3.236700306247856651e-01
-2.750612060126756964e-01,9.666281831598498853e-01
-4.376799638161073536e-01,8.985884125869620931e-01
-4.479968554626324040e-01,-8.633725280925024226e-01
1.056957038441039276e-02,-9.908727477978479525e-01
2.276001088092174940e-01,-9.301881704171776066e-01
1.676672697268604129e-01,-9.716414768312139350e-01
8.725059838319292327e-01,5.036416410276367550e-01
-9.880803377903190077e-01,1.580001084424264429e-02
9.248842536527794866e-01,3.805699959993875114e-01
-9.463663187906674601e-01,-3.637289765109078532e-01
-9.608853516168937015e-01,3.867475957010221843e-01
7.739339638709600289e-01,-5.990372889203344764e-01
-5.448439242472662425e-01,7.959461658747594148e-01
8.122471571413860669e-01,6.716900960297275125e-01
5.956058285451458767e-01,7.644398630429470876e-01
8.443552582771601811e-03,-9.519416813241022846e-01
-6.914896214510902750e-01,-7.050597117589173513e-01
7.984064439891975784e-01,5.961810125767190716e-01
8.364278869785687354e-01,4.545711643904142285e-01
-3.091686985999653747e-01,-9.620002001126152225e-01
8.863156476211188073e-01,4.477206555857137227e-01
4.767494748210026057e-01,-9.083602616294081944e-01
-2.666675784007929706e-01,-9.418871560415608135e-01
8.878629146060290633e-01,4.717876802866650121e-01
8.639860373614591804e-01,5.236470920363894832e-01
9.645704970573737436e-01,-4.811643206041009424e-02
-6.633763861778925186e-01,6.898999612287121108e-01
-6.820060154697099586e-01,7.443634178841437299e-01
3.689925525145500429e-01,-9.095382688740767385e-01
9.501891023697378591e-01,-3.669221308979951357e-01
1.009118598763499186e+00,-1.189549374477098104e-01
4.778343676684923547e-02,-1.018755597698758342e+00
-7.172416825850310707e-01,7.402945205553645991e-01
8.795360128737501615e-01,4.703845980828604278e-01
1.410428826922094370e-01,-1.002435720934388153e+00
-9.222607013330771375e-01,-3.486517111009696523e-01
-9.126183494081669956e-01,4.253335732375409517e-01
8.397965777208293847e-01,-5.601675103433400027e-01
8.266983708327620972e-01,6.442383340108235323e-01
-9.476222097909891007e-01,1.322453950057230626e-02
9.529684577751907915e-01,3.960221421133450909e-02
-9.470487615620499788e-01,2.453009098020246803e-01
9.159565465159404951e-01,3.334069631140337830e-01
7.009757276300878637e-01,6.278835479945021891e-01
7.598357156818080771e-01,6.794411634931913913e-01
-5.914956108778619548e-01,-8.456820906794242365e-01
2.152734896133561004e-02,-1.013925419393597149e+00
-8.508239046628324198e-01,-5.413256296371058429e-01
9.664997928114174019e-01,-2.272058214024593181e-01
-6.972823443623095141e-01,7.120547792750320237e-01
-2.085230968254005168e-01,9.429615419492741735e-01
6.836857407098342332e-01,-7.317487534102669056e-01
1.716936102020123756e-01,9.883155746117927576e-01
9.374151303274322888e-01,-2.662939871021366423e-01
9.344690918679159353e-01,9.941327138009936615e-02
1.005549231875354277e+00,-1.642747750502508153e-01
9.721305864614976366e-01,2.075487076601348346e-01
7.460377072305001134e-01,-6.270543696741471829e-01
-9.810590406237598149e-01,-1.794727421915461585e-01
1.009455617297863039e+00,-4.385960279076383389e-02
8.978290368632431129e-01,4.291685010554313062e-01
-9.155250390048521592e-01,-3.441376260437869483e-01
9.438278738135615908e-01,-2.134868878853674878e-01
-9.993415057963683790e-01,-1.165101923629105057e-01
-6.884918738944436623e-01,-7.316408866694498192e-01
-3.696184963535082413e-01,-9.202515421638327586e-01
-9.779214445474161410e-01,2.789303814614599308e-01
-6.537932992668418208e-01,-7.039931339571412483e-01
-9.089717522566065355e-01,-5.553674940476185373e-01
8.114536599343692425e-01,-6.161778520468603748e-01
9.778473681868835587e-01,2.828784686059733766e-01
-1.886457132849681806e-01,9.611496054508976705e-01
1.001096031199387504e+00,-2.261727301830994685e-01
7.636906888094924239e-01,-6.261626363996051214e-01
-9.586819448505685681e-01,2.676825304443008480e-01
-7.519277745832434467e-01,-7.158354875584982402e-01
-2.033066296251741234e-01,9.966969933235662049e-01
3.643791278540876033e-01,8.524557470374503065e-01
-9.615202031679571659e-01,2.250350913769355865e-01
-5.666117544038835607e-01,8.070094842409625269e-01
-9.068242856101343952e-01,-5.648072922684155284e-01
8.627292020259087479e-01,4.515550995890902919e-01
1.013757500057153482e+00,-1.604399019187797149e-01
1.028308096476745703e+00,-1.239964109473465914e-01
