-7.050606339757902186e-01,7.091470245426237939e-01
9.524338381967460965e-01,-3.047454410779830702e-01
-1.128942063295940990e-01,-9.936070139533089707e-01
-8.139426338080276713e-01,-5.809452546235756021e-01
5.567783321525934248e-01,8.306611155250835932e-01
5.569042133615160761e-01,8.305767256191273207e-01
9.341415722842875136e-01,3.569026799146220452e-01
6.668370346083146716e-01,-7.452035757259819482e-01
-8.048792533701322194e-01,-5.934386130800206605e-01
-2.604012460980155153e-01,-9.655004873279975364e-01
9.916477274131318964e-01,1.289759075035751545e-01
9.821809574680897548e-01,-1.879376672917552338e-01
4.951455827848464386e-01,-8.688100205733442216e-01
2.344282106540902799e-01,9.721334342823115815e-01
4.153762315048947773e-01,9.096497052716457921e-01
4.063280509412375840e-01,9.137272651170561533e-01
-3.342544441814145895e-01,9.424828733430510308e-01
-9.879265888683799179e-01,-1.549227388309637188e-01
-9.099627669969091448e-01,4.146899597040285546e-01
-2.561626825219464609e-01,9.666336845378193932e-01
-7.630402524174849654e-01,-6.463509675019144529e-01
6.398711233688482158e-01,7.684822349792402862e-01
-2.617187889703502801e-01,9.651441734268996209e-01
-6.677060631174555061e-01,7.444250219304752170e-01
-9.621476020382691008e-01,2.725288826748616389e-01
2.192220795118076937e-01,-9.756749867935113896e-01
3.109657122063638202e-01,9.504211307793977159e-01
-9.960031219216574083e-01,-8.931842543569681880e-02
-8.361019452300255672e-01,-5.485740945237638222e-01
9.577113395820727737e-01,2.877307596276624801e-01
-7.802541749616358491e-01,-6.254625667895217234e-01
4.788652434400093583e-01,8.778884203730793478e-01
9.176258347136607707e-01,3.974453767073626298e-01
9.488693641976660986e-01,-3.156690192070119028e-01
9.767753507123773105e-01,-2.142659894633588691e-01
3.587434222272412043e-01,-9.334362093944541527e-01
-3.364536333669196910e-01,9.417000332346805447e-01
8.175274145496773670e-01,5.758896825432107125e-01
-4.015659551053137877e-01,-9.158301063518042850e-01
-9.301287762699667061e-01,3.672335218284603631e-01
7.201423631815571103e-01,6.938263303963623230e-01
-9.995408577940463335e-01,3.029972937737284572e-02
9.767476710177903643e-01,2.143921340938664821e-01
8.420322333776764090e-01,-5.394272128406225608e-01
-5.513827426129180170e-02,9.984787282218318127e-01
-5.223791757107705269e-01,-8.527133145341029286e-01
-3.780991202125440487e-01,9.257651188581800250e-01
-9.920610445766128160e-01,-1.257572416744250354e-01
-9.572402592101816321e-01,-2.892941170283701013e-01
3.979869953694397111e-01,9.173910570290106925e-01
9.817948667894620396e-01,-1.899443064318132868e-01
1.572586895167864540e-01,-9.875574436818664870e-01
9.286129345505614863e-01,-3.710498858447400239e-01
7.894896726047705426e-01,-6.137638445285060751e-01
-8.167020660129837850e-01,-5.770595596384516801e-01
8.819189985737531101e-01,-4.714009757676244083e-01
8.493652666492170766e-01,5.278054980860888978e-01
3.329210824904831334e-01,9.429546928847456488e-01
9.598942798336209670e-01,2.803622148983242468e-01
-4.558388307919397642e-01,8.900623350879629525e-01
-7.651891692927885735e-01,6.438055103810560453e-01
-1.337380096541467278e-01,9.910167227518148492e-01
4.747873190049329284e-01,-8.801005634085845575e-01
-6.215744100552439422e-01,7.833551255749051645e-01
-1.931457449269413096e-01,9.811700776198879481e-01
-9.642315878197248447e-01,-2.650612100075232513e-01
6.329388377136766497e-01,7.742018003813089244e-01
3.221155556139548293e-01,-9.467003585250790554e-01
8.922847629433056094e-01,4.514730355394538375e-01
9.966077147163745487e-01,-8.229862069199761487e-02
1.393133883119743732e-01,-9.902483425065841116e-01
3.166815057997614535e-01,9.485319308723326737e-01
9.993981373410332214e-01,3.468952405659721239e-02
3.998070091447029628e-01,-9.165993429185771424e-01
-2.677657012903204015e-01,-9.634840575808729657e-01
-1.315197123170908089e-01,-9.913135554767874558e-01
1.332480416104703247e-01,-9.910827207690457996e-01
8.937155927684535817e-01,4.486339702279930064e-01
-6.299666527028462415e-01,7.766221838721654169e-01
7.464888363684391015e-01,6.653979389638157160e-01
6.523264045288623691e-01,-7.579381649939834764e-01
-7.146274339785001484e-01,-6.995052756093441682e-01
-4.866905013884746944e-01,8.735744706996851905e-01
9.213143518861088843e-01,3.888185502373556757e-01
-3.738561865922101490e-01,9.274866854821854911e-01
-4.550165008836556391e-01,8.904830059712505186e-01
-1.277877900235371567e-01,-9.918015329292955151e-01
-6.491734209853918802e-01,-7.606404337702034058e-01
7.592325443321865652e-01,-6.508194401113678307e-01
-9.847997904196994501e-01,1.736933297202748194e-01
7.307114600671246185e-01,6.826864303079203111e-01
-2.288924869416307795e-01,-9.734517088287818476e-01
6.771260826664161903e-02,-9.977048675243237463e-01
-9.267924283279046493e-01,-3.755739538280919998e-01
1.313599343609812009e-01,-9.913347404608994218e-01
-9.992402427944195864e-01,3.897354461874594223e-02
-9.898164725697932154e-01,-1.423493963088421077e-01
-8.981409296741779125e-01,4.397077102394309489e-01
9.872729537338210681e-01,1.590349484412041658e-01
7.788903215999365415e-01,6.271601604996506207e-01
9.805650150705705892e-01,1.961944219891370578e-01
-6.546385943696004794e-01,-7.559420022473904988e-01
-3.934309641731786322e-01,9.193541626760401986e-01
-9.985503723044303337e-01,-5.382521686610743095e-02
8.360365977197546927e-01,-5.486736801352668502e-01
4.447040754935207424e-03,9.999901118653743426e-01
-8.456146670879362004e-01,5.337938130081302246e-01
3.487176068730094003e-02,-9.993917951967424829e-01
1.328213932333609237e-01,9.911399888509941913e-01
8.852900204251261673e-01,4.650393313857223432e-01
-2.471769797793948453e-01,9.689703507678326666e-01
5.293320699716076438e-01,8.484147333112344036e-01
9.040165646173384806e-01,-4.274974279425146073e-01
3.571184723782189208e-01,-9.340590969988180614e-01
-6.688017127517492666e-01,-7.434408308805258159e-01
6.912080467250805160e-01,-7.226558213579261647e-01
3.308759002282917194e-01,-9.436742757160001549e-01
3.880750901891533156e-01,9.216277580317774332e-01
7.806621301913727606e-01,-6.249533090440182459e-01
-9.696026759608976642e-01,-2.446847988115863903e-01
3.531230766949104982e-01,-9.355768769617600622e-01
7.943390098381857278e-01,-6.074747216545646200e-01
-4.143954520501283434e-01,9.100969230363158413e-01
7.703052412849886732e-01,6.376753368673397926e-01
1.381937791238697921e-01,9.904052097053321901e-01
-8.969406917585514005e-01,4.421508741003362108e-01
4.144600161362256285e-01,-9.100675222335755654e-01
6.409542178122472622e-01,-7.675791103649775016e-01
9.990461139011013181e-01,4.366763445742866123e-02
-9.977208985501150318e-01,-6.747598533071651195e-02
-8.683543262326308687e-01,4.959443155366071720e-01
1.743560817192560120e-01,9.846826680547942079e-01
7.295474399839079194e-01,6.839302104841737950e-01
-5.231154351740034958e-01,8.522618385699978205e-01
9.363508614167348476e-01,-3.510656125628633939e-01
-4.439011414802785938e-01,8.960757649844713901e-01
-9.930384250756690845e-01,-1.177908584026569061e-01
-2.909221990698885874e-01,-9.567467136543192918e-01
-6.548286274263129814e-01,7.557773936173077800e-01
9.843237675631435479e-01,-1.763709743985630851e-01
9.722925603319531040e-01,-2.337673568382361566e-01
-1.119826088416092484e-02,9.999372975107840844e-01
-9.998505637026227078e-01,1.728728618226591657e-02
-3.142607468694960660e-01,9.493367068522244878e-01
-2.171650649262508725e-01,9.761348956858254544e-01
9.732619181578940903e-01,2.296981468441065544e-01
-7.722552193161927869e-01,-6.353124241181649090e-01
-9.998583317774691892e-01,-1.683200449074426924e-02
9.481443469064634311e-01,3.178400500712832422e-01
-1.790207613216728832e-01,9.838452962817927361e-01
8.384396831685754226e-01,-5.449944015200329783e-01
6.553756841885585716e-02,9.978501025333132990e-01
6.134288474218065890e-01,7.897499915484355038e-01
-9.978049297360473968e-01,6.622176526219747394e-02
9.959382626324576604e-01,-9.003875290474501469e-02
4.989747263909955627e-02,9.987543452842797542e-01
-4.699523410454206629e-01,-8.826917905735436332e-01
7.294335558339748449e-02,-9.973360852171317958e-01
7.759751622827246176e-02,9.969847669223451669e-01
-1.364437717130763117e-01,-9.906478169161379022e-01
-6.743272333365993854e-01,7.384326525693506449e-01
-6.739143641106710714e-01,-7.388094678909508106e-01
-6.682131488409316367e-01,-7.439698836082594413e-01
-9.748433966017742147e-01,-2.228908973060943211e-01
8.433509580563900432e-01,5.373631561108085375e-01
5.106764524779132675e-01,-8.597729705477914486e-01
-4.302089819309048990e-01,9.027293236989558656e-01
3.883735746367653063e-01,9.215020165598449831e-01
9.673604695674513643e-01,2.534042657854046476e-01
-8.413083814440385222e-01,-5.405554618279351242e-01
-4.395759738921986570e-01,-8.982054125737192196e-01
9.945735517474916243e-01,1.040358119321404679e-01
-9.971146860358239827e-01,-7.590983395898122377e-02
1.471451681575965953e-01,9.891149071204379251e-01
-6.120488417275088411e-01,-7.908199639235309331e-01
4.575338511017384979e-01,8.891922036860265832e-01
-3.626399680264549841e-01,-9.319293179151365569e-01
-7.572769537066306178e-01,6.530938794574679962e-01
9.220172572384561782e-01,-3.871487793529440613e-01
6.493479763613512201e-01,7.604914237487613304e-01
-5.414717914782544161e-01,8.407189179704056547e-01
7.564192118184083213e-01,6.540871318043323113e-01
8.901309179367590252e-01,-4.557048923734116630e-01
7.174234968344219698e-01,-6.966372988793164689e-01
-4.987801416487398082e-02,9.987553172338902163e-01
-5.359114291733209079e-01,-8.442742090585313441e-01
4.099229076387470583e-01,-9.121201728900613093e-01
-9.404526221415813181e-01,-3.399247938986270090e-01
-9.826962751244033845e-01,-1.852242717805170635e-01
5.117120784210828222e-02,9.986898955571643643e-01
8.337220569612646681e-01,5.521843276807825163e-01
7.986110659496049591e-01,-6.018474601947204627e-01
8.105581551320512057e-01,-5.856581572461239116e-01
-6.702125985697445776e-01,-7.421691671838641646e-01
-5.306698456393668106e-01,8.475786187304931163e-01
-5.837601267088948775e-01,8.119261755016985438e-01
-1.505009009255485475e-01,-9.886098719012460512e-01
7.982119478219079634e-01,-6.023766980506098934e-01
7.587157619983140311e-01,-6.514218237788150789e-01
1.866131397466466446e-01,-9.824334766659259532e-01
-6.275365604888604176e-01,-7.785870954811739963e-01
8.634801838371127802e-01,5.043827635046880253e-01
5.271584485100572204e-01,8.497670093410718550e-01
8.036440677789596920e-01,-5.951102522421258811e-01
-7.846199130640675312e-01,-6.199770899181155093e-01
9.983308086259322645e-01,5.775462360964937758e-02
8.035478427600505347e-01,5.952401737077809285e-01
-5.171214761656198755e-01,-8.559120158569397674e-01
9.994943313761590620e-01,3.179750850184229899e-02
5.315331389451957156e-01,8.470374975188921240e-01
-9.534848803453424004e-01,-3.014408448648392413e-01
-3.570270498270920467e-01,-9.340940454214249344e-01
-5.777713944867526319e-01,-8.161986374117720100e-01
1.609673409052789772e-01,9.869597333031797648e-01
-2.354047113349495846e-01,-9.718974338279265934e-01
8.003066741229358794e-02,9.967924017936447001e-01
-4.562267195528844077e-01,8.898635740190817822e-01
-2.204336623881911900e-02,-9.997570154816926014e-01
-5.896497359795469517e-01,-8.076590795993384697e-01
5.838307080119882198e-01,-8.118754241767763835e-01
-5.484298223423984542e-01,-8.361965857174288308e-01
-9.093007810951641012e-01,-4.161395072565503561e-01
8.317321361583412953e-01,5.551771372107126012e-01
-6.740147829631852883e-01,7.387178570652601639e-01
-9.537410752466514430e-02,9.954414998451057706e-01
3.775520892262419076e-02,9.992870179278868781e-01
9.856557895876970621e-01,-1.687680788900954854e-01
-7.827730685798913735e-01,6.223072577963563168e-01
7.786458772759061731e-01,-6.274636226915744075e-01
-6.793144460617025482e-01,-7.338473161168351799e-01
2.778523717993974795e-01,-9.606237866539893977e-01
-9.998627315494510448e-01,-1.656858649584702983e-02
-8.855120596046280879e-01,-4.646163926238177089e-01
-9.988951057800512512e-01,4.699540029258367918e-02
3.373010481931270066e-01,9.413968360302777949e-01
-1.722254810411421033e-01,-9.850575534861641946e-01
-1.921460276119899002e-01,9.813663454963861277e-01
9.883515574357926159e-01,1.521880380129892463e-01
-6.105595554687835991e-01,-7.919703461782905407e-01
4.421345826143087687e-01,8.969487225346112202e-01
9.308333279982886621e-01,-3.654439977447028198e-01
9.583937861400040337e-01,-2.854493837587114280e-01
8.603079800750693673e-01,-5.097746359119429416e-01
-6.852736515341987245e-01,7.282856736974754330e-01
9.952878703024696794e-01,9.696419560216211486e-02
9.002783748878977477e-01,-4.353146536807666611e-01
-8.999104089732292699e-01,4.360748282366631035e-01
9.781321209088226221e-01,-2.079845043420505968e-01
9.739885917378169333e-01,-2.265970502115687291e-01
6.029769379544700492e-01,-7.977586178130896544e-01
-2.756642184106016802e-01,9.612539928073495776e-01
-7.505170047001230582e-01,6.608511372888415947e-01
5.935481455105012794e-01,-8.047984834485243377e-01
-4.082017556449360485e-01,9.128917387556927387e-01
4.845441578958138984e-01,8.747668026674517705e-01
-9.369868703591992531e-01,-3.493645728669022565e-01
9.206120131731574396e-01,-3.904785796958216704e-01
-3.326429938604481551e-01,-9.430528291859145984e-01
-9.046633403466018963e-01,-4.261270240584706936e-01
8.193168106484411961e-01,5.733410536398613200e-01
-7.500810408743024960e-01,-6.613459247027405619e-01
9.980479164842239737e-01,-6.245283341450241082e-02
6.370171598819853731e-01,7.708496208832752439e-01
-9.933754236257344994e-01,-1.149141755241384621e-01
7.175710702264797014e-01,-6.964852899911271322e-01
-5.796996791500830248e-02,-9.983183273985972717e-01
-3.267945579252091171e-01,-9.450954009572087866e-01
-2.941359061776293027e-01,-9.557636050284948892e-01
-6.349572579208138112e-01,7.725472675595203009e-01
-2.704839032572660673e-01,9.627244974958899526e-01
3.643894942605213072e-01,-9.312466356838887682e-01
3.687869061416788607e-01,-9.295139686193255590e-01
6.710225481019734817e-01,-7.414369426584668243e-01
8.550621264227139529e-01,-5.185255634561006799e-01
-9.974616251709357284e-01,-7.120608338727593689e-02
-9.999546169496783543e-01,-9.527016375662625269e-03
2.988120227196004453e-01,-9.543119904298703604e-01
-5.879685843999339356e-01,-8.088837640592977385e-01
-2.972402980453419663e-01,-9.548027048652073523e-01
2.837703581431476052e-01,-9.588922691519156105e-01
7.705346366045066064e-01,-6.373981281685419109e-01
-5.251487336162831143e-01,8.510104626743517642e-01
-7.096920224307464720e-01,7.045120533377386973e-01
8.306590854904301047e-01,5.567813607621956429e-01
-8.814613374868055518e-01,-4.722561916121076897e-01
9.746081526820919994e-01,2.239172809892084615e-01
-9.767295350092427553e-01,2.144747431298811291e-01
-9.643172211648498582e-01,-2.647494985168095116e-01
-2.275836164062489675e-01,9.737585417050026448e-01
-8.415110289386210640e-01,-5.402399357458343987e-01
9.816934294343165890e-01,1.904678728959047496e-01
9.725921517900716351e-01,2.325177547551118828e-01
4.405064928754686138e-01,-8.977494248032436008e-01
-6.383464802093020696e-01,7.697491612235736191e-01
6.978931607471662302e-01,7.162018822806388574e-01
-9.902496635495002808e-01,-1.393039979329434852e-01
1.252930457957988075e-01,-9.921197773833619893e-01
2.131059306563776734e-01,9.770291000369841772e-01
-7.164167634834132103e-01,-6.976725743498529697e-01
8.596286440353513303e-01,5.109193618898613121e-01
9.477382353366806678e-01,3.190489574985546639e-01
-9.806568122764315332e-01,-1.957350672103181088e-01
-9.675830329613813729e-01,-2.525531118898642902e-01
-6.497828999568612263e-01,-7.601198477369550677e-01
-1.496582100970975104e-01,-9.887377914040370586e-01
9.885116962685123188e-01,-1.511443890468597562e-01
-9.947598484171117361e-01,-1.022391509020149497e-01
-4.425129934033271151e-01,8.967620925692761924e-01
2.801143588287496877e-01,-9.599666379504855351e-01
-1.305194515279386736e-01,9.914457487794509083e-01
-9.273779869007490184e-01,3.741257401087422219e-01
8.809378439090320700e-01,4.732319887422086202e-01
9.873411943715643124e-01,1.586107370165489860e-01
9.725871893381975442e-01,-2.325385110798320887e-01
5.143324191106322107e-01,-8.575909063485951389e-01
-3.329723686407560224e-01,-9.429365841464443232e-01
-8.407845581959627612e-01,5.413698612771307150e-01
4.635132541174865062e-01,8.860899859819082458e-01
5.545926867350093881e-01,8.321219572995558478e-01
-1.526173586463561551e-03,9.999988353964138765e-01
-9.525467995450492831e-01,-3.043921724954236629e-01
-2.206202834621651399e-01,-9.753597749164529818e-01
-5.347792861309256240e-01,-8.449917840578673456e-01
-1.869733174705116296e-01,9.823649925328524768e-01
9.600571850361139248e-01,-2.798038624832275834e-01
-7.597264102922257623e-02,-9.971099025759622148e-01
-9.422478203117127249e-01,-3.349164748378710699e-01
-7.635766632222740213e-01,-6.457171821953771040e-01
-8.750933244900386265e-01,4.839542059254904327e-01
1.425613048785283159e-02,9.998983762080591031e-01
-6.177246257072283031e-01,7.863944854809605811e-01
4.927859963110462621e-02,-9.987850717839135140e-01
9.959133649379370290e-01,9.031372840269281943e-02
7.456370907554643601e-01,6.663522558600123435e-01
9.585170574765494722e-01,2.850351741917078185e-01
9.674342092439999208e-01,2.531226003035615957e-01
6.151911409595924862e-01,-7.883779931510231931e-01
-2.870791681369770365e-01,-9.579068593667033893e-01
-9.868629880345539673e-01,1.615594096532657065e-01
8.169406378208603492e-01,5.767217650451956779e-01
-9.986127817857481936e-01,5.265464893178528616e-02
-9.861407241972852677e-01,1.659110366420923632e-01
4.640278891617154455e-01,8.858205902326513614e-01
-9.148652198121332013e-01,4.037593708858001618e-01
-8.034591106968920204e-01,5.953599393964624786e-01
-7.465681055481896422e-01,-6.653089987202842615e-01
-6.608703661882867619e-01,-7.505000726809823997e-01
9.597590193165090877e-01,2.808249006776513124e-01
-7.053835804200705439e-01,7.088257927543000214e-01
-7.032759738324008136e-01,-7.109169463658102650e-01
-9.998058490980947788e-01,-1.970441852067218030e-02
6.202766923060502036e-01,-7.843830856041360544e-01
-5.427390410758879957e-01,-8.399013830754331611e-01
5.201692666010324650e-01,8.540631909195852689e-01
9.032997366971430298e-01,4.290100065066921875e-01
-6.256384023884691281e-01,-7.801131901569182681e-01
9.861583554974698851e-01,1.658062058022126695e-01
-8.582511963469233729e-01,-5.132298549081831807e-01
9.303080600011451873e-01,-3.667791072251876394e-01
-8.896499762341107953e-01,-4.566430989149470321e-01
-7.631329236264859928e-01,6.462415499465288260e-01
-6.213699051583415622e-01,-7.835173520500446909e-01
-9.657948861190016610e-01,2.593072269459233414e-01
-9.592052746233815652e-01,-2.827105253341007374e-01
9.331251538911744525e-01,-3.595517308755056263e-01
-7.546746509779035383e-01,6.560992083300966060e-01
9.704163766735254271e-01,-2.414374782088033189e-01
8.283169190927017755e-01,-5.602598339563301666e-01
3.340567806614214152e-01,9.425529519841986392e-01
9.065284418640988662e-01,4.221447430579340909e-01
8.061340533925672736e-01,5.917329532490729349e-01
9.934530494441524695e-01,1.142411421078863287e-01
8.290427854773653182e-01,5.591851749178721187e-01
-4.086102314625874588e-01,-9.127089781217727626e-01
9.016219151929667497e-01,4.325250536602090468e-01
-4.199467700351715571e-01,9.075487371689889837e-01
5.614352338703734180e-01,-8.275206814146212064e-01
9.893286141622228413e-01,1.457013836579994226e-01
3.940807277291166755e-01,-9.190758293157805792e-01
-1.988158022893550259e-01,9.800368752042140086e-01
7.368133186200157558e-01,6.760962457403228987e-01
-3.284482969502294791e-01,-9.445219511639175725e-01
-6.893739899845316987e-01,-7.244056197551249632e-01
7.180039144352238223e-01,-6.960390641736251549e-01
-9.366390362907847655e-02,-9.956038736148844492e-01
3.297423005995060441e-01,-9.440709799561392002e-01
-1.999228256691183425e-01,9.798116470916619081e-01
4.402802607389688649e-01,8.978603967230237570e-01
3.862588872631697937e-03,-9.999925401757759902e-01
3.495616518865033995e-01,-9.369133639405401448e-01
9.982209920937377134e-01,-5.962257075465589307e-02
-8.530262592939961142e-01,5.218679918857758171e-01
-6.937351546494373578e-01,7.202301959814800814e-01
1.651967776119081521e-01,-9.862606271501674904e-01
-5.400827840281153813e-01,8.416118977274739121e-01
9.068428365152075843e-01,-4.214689429377359575e-01
6.297081094602069440e-01,-7.768318330758929857e-01
-9.021177674346926301e-01,4.314898998570486643e-01
5.473053025138093289e-03,-9.999850227331327224e-01
2.853984388872117875e-02,-9.995926556907105409e-01
7.973249434138321989e-01,6.035502751305223956e-01
8.183408168839364505e-01,-5.747332489266055999e-01
-9.994554956500703025e-01,-3.299563933116320125e-02
4.621307685794611708e-01,-8.868117910425844519e-01
-4.260612624660127801e-01,9.046943133599698594e-01
7.921656962155986248e-01,-6.103060787336597182e-01
-7.673062440286165797e-01,6.412808494526380798e-01
9.976824330967364318e-01,6.804235952828309453e-02
8.284272071283419470e-01,-5.600967438662139974e-01
8.399685275445808452e-01,5.426351193339671308e-01
-4.218732394864117552e-01,9.066548239574091506e-01
9.511767601148669593e-01,-3.086466766666778327e-01
9.522284363601072332e-01,-3.053866483446602276e-01
-8.954194696268127363e-01,-4.452235095019548838e-01
-6.760868023996392528e-01,-7.368219836711110693e-01
-9.479930095937796342e-01,3.182911462188793283e-01
-2.681780311625228674e-01,9.633693702842087703e-01
-4.743837914552999080e-01,8.803181347697516257e-01
-4.678273270431740349e-01,-8.838198866690198940e-01
1.491905497611902519e-02,-9.998887047059885624e-01
2.582872143065368942e-01,-9.660681730218468877e-01
2.463652717952072302e-01,-9.691770492811278004e-01
8.402431341966788425e-01,5.422098075794479222e-01
-9.993855221608362038e-01,3.505107837588838926e-02
9.353134641400477900e-01,3.538201856852481453e-01
-9.519670755178610833e-01,-3.062004035431222793e-01
-9.332734825251426392e-01,3.591665446772461245e-01
7.612385282642188944e-01,-6.484719755595658164e-01
-5.924267077805773773e-01,8.056243516107656211e-01
7.414592969650734000e-01,6.709978471977827708e-01
6.228286698876168703e-01,7.823582606236237913e-01
7.226039846376745845e-02,-9.973858003871207689e-01
-7.365871301521469405e-01,-6.763426644048298186e-01
8.048506743814072273e-01,5.934773727344573313e-01
8.635852499095924006e-01,5.042028521722055068e-01
-3.032200969077778474e-01,-9.529205490654705235e-01
8.972993426429580754e-01,4.414225749692864964e-01
4.363247746578396979e-01,-8.997892481130153053e-01
-2.714874541381619988e-01,-9.624419786384940112e-01
8.721925728110000442e-01,4.891626681721822356e-01
8.612606349640620218e-01,5.081634763157431012e-01
9.964786028504831750e-01,-8.384744516769127021e-02
-7.038596015747788925e-01,7.103391170919658437e-01
-6.874827169446596775e-01,7.262007393981287917e-01
3.844217133118976171e-01,-9.231575956110339432e-01
9.455724748868985507e-01,-3.254115774465707878e-01
9.961341963355565543e-01,-8.784453819626392157e-02
2.122417020176091754e-02,-9.997747419290240467e-01
-7.126807692337866484e-01,7.014885039431068003e-01
8.654990745863003765e-01,5.009105228384183039e-01
1.697432211733766183e-01,-9.854883250783269544e-01
-9.334206519120774592e-01,-3.587838995607693926e-01
-8.887766640772979398e-01,4.583405299464907157e-01
8.318338157863384152e-01,-5.550247768472502674e-01
7.656954983523619473e-01,6.432032367789578542e-01
-9.989265945488574605e-01,4.632125541285053022e-02
9.974565912508549514e-01,7.127656396197004640e-02
-9.806755917938986267e-01,1.956409559874587034e-01
9.380754237984153532e-01,3.464310887686373186e-01
7.340327776048520825e-01,6.791140415288920984e-01
7.395200961636585468e-01,6.731344794096445483e-01
-5.917921955049981753e-01,-8.060905639811037915e-01
-2.484819876065733069e-02,-9.996912358415226407e-01
-8.659140701556173880e-01,-5.001927859401138488e-01
9.718875631844819951e-01,-2.354454597721720444e-01
-7.065315474367460657e-01,7.076815473619734176e-01
-2.225074609758206923e-01,9.749309872037577041e-01
6.781043355520013360e-01,-7.349656523304873845e-01
1.651422495832733373e-01,9.862697589415260202e-01
9.734197031378748477e-01,-2.290285605398847679e-01
9.970853189070812972e-01,7.629460544470982597e-02
9.821443024857615667e-01,-1.881291287779669474e-01
9.634550203917312539e-01,2.678701619851838744e-01
7.750715603414038979e-01,-6.318734654580310250e-01
-9.848912891674543868e-01,-1.731737524051198962e-01
9.990231848205257670e-01,-4.418909583883464526e-02
8.944138268454155938e-01,4.472403228106103801e-01
-9.432948562536965786e-01,-3.319560425196655395e-01
9.814566604361685265e-01,-1.916841769303960219e-01
-9.894873976567626350e-01,-1.446191200306778113e-01
-6.872965974580318438e-01,-7.263768905482965721e-01
-3.343081428024524127e-01,-9.424638272400565064e-01
-9.594852025622595537e-01,2.817590212647321235e-01
-6.956506859160296319e-01,-7.183802079571496302e-01
-8.629271377067007087e-01,-5.053283635511870431e-01
8.132722642801879509e-01,-5.818833423913903902e-01
9.595074260542292288e-01,2.816833316807860754e-01
-1.933225497729933462e-01,9.811352566029153399e-01
9.518522787863683554e-01,-3.065570735918480283e-01
7.715686524742348951e-01,-6.361460638242552035e-01
-9.614367631285679616e-01,2.750260905893511798e-01
-7.283980532729369406e-01,-6.851541986941303009e-01
-1.711936197122416459e-01,9.852374051820304013e-01
3.790747529464291721e-01,9.253660528021350196e-01
-9.741001352280369563e-01,2.261170638158920554e-01
-6.046936737218739921e-01,7.964581350960914241e-01
-8.650095848373833274e-01,-5.017553369317139245e-01
8.830748161901285087e-01,4.692322122475935386e-01
9.870863537884315697e-01,-1.601890450831741919e-01
9.962490636815520828e-01,-8.653209296920234828e-02
