9.602295170306869299e-01,9.971481995949250943e-03,-9.312573040427601576e-03
9.942045016794148760e-01,4.549312293655782824e-02,-1.659713546901680700e-02
1.019516377229846116e+00,7.046898954515770641e-02,-9.261044502963342376e-03
1.017915355388394394e+00,4.092217306657820047e-02,2.761281354715066846e-02
9.574494969351404761e-01,2.038560394575303358e-02,-5.095388175751684214e-03
9.739595918252763607e-01,6.521683134999882447e-02,5.901432474875456524e-04
1.014139975157658524e+00,8.370087373607644488e-02,-1.376084588302514330e-02
9.848705657206769937e-01,9.001350701993693360e-02,-1.535295492330043289e-02
9.504505372025223719e-01,1.272830356325014289e-01,-4.670177320439471147e-03
1.014945839736036470e+00,1.037079122351491356e-01,-2.731289223257504090e-03
1.034462724600986538e+00,1.323700478018448590e-01,6.408891842907295071e-03
9.536817854325582156e-01,1.373287873180288610e-01,5.371527322532364257e-02
9.866588696716630524e-01,1.910643297789223760e-01,-2.877626878934536753e-02
9.884328414350660452e-01,2.329195650485350599e-01,4.594723154008666793e-02
9.931115345762455693e-01,1.892510792075856041e-01,2.560603964169832700e-02
9.895365680256840157e-01,1.874036305846984996e-01,-1.017543200581350754e-02
9.914350971613734576e-01,2.716120623769083808e-01,-1.995587438795061105e-02
9.849948280443551196e-01,2.666559197315092611e-01,4.144047760903783739e-02
9.438129954586514936e-01,2.959880853857127514e-01,4.431390749815647401e-02
9.466124428346134323e-01,2.948556535956771696e-01,7.036365381034342253e-03
9.935765161491437736e-01,3.062857679298708335e-01,1.226709843424551860e-03
9.274705454433719298e-01,3.275809117433788886e-01,4.573215778154880035e-02
9.062461506634389430e-01,3.868472240183947197e-01,3.550371482388663819e-02
9.473269412700219272e-01,3.513885727243781232e-01,2.928320538470685283e-02
9.257743559850550863e-01,3.948403930533707085e-01,2.983284876750918330e-02
9.434948354571246476e-01,3.719365018367953857e-01,3.634010661470640086e-02
8.967961025140761544e-01,4.290249499059983207e-01,1.101521090945183426e-02
9.027944804125808131e-01,4.038665157738264289e-01,2.465401733292047620e-02
9.232457420097620604e-01,4.181019181712598010e-01,7.103177825593801065e-02
8.766454364199162130e-01,4.448240300473719211e-01,1.626633247865010706e-02
9.016071756102468360e-01,4.541041379768552821e-01,3.354358295964098013e-02
9.141640195096381039e-01,4.515747094842595399e-01,5.394099076643200236e-02
8.561506301536488950e-01,4.852141441539813971e-01,9.183016130127369392e-03
8.512052038811931398e-01,4.939013540180982043e-01,8.815175752117099250e-02
8.630041068283965666e-01,5.523364299247185416e-01,4.824143974748385660e-02
8.422868016287263782e-01,5.628278266699138221e-01,5.508756090145443957e-02
8.273548708997005008e-01,5.485733169535069731e-01,3.750218681923360442e-02
7.840554228142668780e-01,5.737953476697748023e-01,7.457660164476614950e-02
8.741119317695651425e-01,5.735998952646357285e-01,4.113797397449540927e-02
8.392661434160647582e-01,5.975728126391194328e-01,9.110772245728798735e-02
8.074023369142444562e-01,5.841463922319098945e-01,3.158884234100718669e-02
8.130764891226691660e-01,5.610919998149717092e-01,7.135096045170030710e-02
8.048252367324496559e-01,6.286644629689923658e-01,5.613436959681816774e-02
8.194795990326116941e-01,6.484150730944339136e-01,3.814391381652444679e-02
7.547503022467950684e-01,6.153790749794034731e-01,6.930172278765110716e-02
7.340097940251714137e-01,6.780912398858360834e-01,9.047657418060012224e-02
7.268185046367966473e-01,6.571995061785893544e-01,5.800108104082447175e-02
7.618313597965666872e-01,7.152452437037111199e-01,1.530793424145143744e-02
7.201076197266103041e-01,6.783667492223495188e-01,2.391297137399524958e-02
7.049311384067067365e-01,7.076482818354797866e-01,5.413180038715571102e-02
6.665327510865938221e-01,7.820038128986925852e-01,6.945033224306115804e-02
6.980761170755480638e-01,6.904777124904658558e-01,7.056062971707517673e-02
6.795618991339672510e-01,6.809106596504481690e-01,3.744978084803169543e-02
6.927646748934727094e-01,7.905220737455874724e-01,7.581229510529942373e-02
6.889942752542466131e-01,7.467914558819974680e-01,6.535005479873803869e-02
6.767920685120898394e-01,8.040368949334298909e-01,1.024274141006646099e-01
6.090442409039135141e-01,7.694858103116626324e-01,7.725266814433250084e-02
6.176634222746696379e-01,7.911441629046028767e-01,9.252460826180239351e-02
6.378959550270801859e-01,8.343787155087882823e-01,6.408531543427936628e-02
5.642760115005953647e-01,8.096293607695708161e-01,1.224780360075344576e-01
5.745161139006108586e-01,8.274425991646546796e-01,9.305644751239162960e-02
5.789662880646868626e-01,8.190174738166013935e-01,5.250458168881994014e-02
5.021674939858341569e-01,7.990596115556607426e-01,6.752022733320713066e-02
5.763201753296861574e-01,8.338241795631746722e-01,6.544849246978558244e-02
5.117608038170621265e-01,8.619586780626768974e-01,1.151698298915039553e-01
5.488640768398276304e-01,8.689565649560824223e-01,4.325471144027136922e-02
4.988447176719367215e-01,9.116767818450317584e-01,1.115694740362340731e-01
4.546192376492335652e-01,8.678481517624634378e-01,9.322919746992680556e-02
4.609045503099347130e-01,8.173315117804383911e-01,8.765779593924642732e-02
4.463924158530803710e-01,8.641625491247438839e-01,7.720090405461899064e-02
4.493126871852063942e-01,8.913959498561525585e-01,6.478689534238121772e-02
4.329999398009735656e-01,8.532680894418559481e-01,9.689140036705154446e-02
3.507555349767980668e-01,8.979548524081834016e-01,1.138439449105905915e-01
3.828561622308945811e-01,9.304895256785239432e-01,1.212026056187029827e-01
3.104098338520075440e-01,9.144235798021191908e-01,1.836981475696181088e-02
3.782689149050997846e-01,9.242576367955281924e-01,2.977367255258107914e-02
4.164299066504025815e-01,9.377097518502610640e-01,7.319903703451631494e-02
3.898911564597423163e-01,8.896193778070755620e-01,6.463605162972535512e-02
2.779280030105758525e-01,9.878980046837486650e-01,1.062024579288172732e-01
3.394719207164746400e-01,9.543584645731942873e-01,1.136869757355239569e-01
3.095366166786843176e-01,9.585359254173693166e-01,1.029032333976833274e-01
2.768054657398767437e-01,9.550562931622957885e-01,1.084403129655126113e-01
2.802968004819104131e-01,9.225894660385496326e-01,6.790377658509479109e-02
2.902553043071868233e-01,9.570608158186937331e-01,1.189761336015573573e-01
2.188939682580246793e-01,9.309592376132455049e-01,8.335166086562528776e-02
2.260740243522057769e-01,9.555862480854498964e-01,1.397894109369228755e-01
2.211278138894296474e-01,1.024019592376867571e+00,1.180754455470911651e-01
1.388255608611904390e-01,1.006832823132866928e+00,6.991290456935789210e-02
1.916334972678479520e-01,9.626093700939135633e-01,1.654576167764349182e-01
2.073723512665096025e-01,9.662565136779939223e-01,1.081011500783434637e-01
1.610016152778084297e-01,1.010254978212434596e+00,1.133934373350274361e-01
1.126693737083721836e-01,9.717484095042419057e-01,1.137766556276972596e-01
1.554094974547968744e-01,1.003385570032854002e+00,9.517610864683298533e-02
1.246563502049567590e-01,9.841688533972660080e-01,1.393838118792440073e-01
1.575100436265872150e-01,9.864700923036273661e-01,1.383426880442107654e-01
5.735269494760056319e-02,9.941637333555752853e-01,1.196618545539939460e-01
5.590634494794027853e-02,1.061732889955272929e+00,1.122346491204478658e-01
6.035268617094330379e-02,9.491474190066692129e-01,1.325549247860302871e-01
5.897028115423028766e-02,9.859438541803198230e-01,5.784506776895287361e-02
1.276333447152961514e-02,1.000348957802198679e+00,1.425988585494078198e-01
4.995100917325739909e-02,9.901859432527018168e-01,1.030490260894924848e-01
-4.781982648815143178e-02,1.004957413926874432e+00,1.387838510178911744e-01
-4.750256313030811611e-02,1.019545388151225085e+00,1.396747370231096186e-01
-4.801289197192335628e-02,9.754941360910582837e-01,1.164704939415871360e-01
-1.275617205703938328e-01,1.003983749369716572e+00,1.308427757795787294e-01
-7.565071364234153550e-02,1.009773625092648341e+00,1.413753045517964768e-01
-9.903261268562658926e-02,9.966201884036809400e-01,9.640956383223510395e-02
-1.268952774371396586e-01,9.950309709959281879e-01,1.149193244618254561e-01
-1.052322913430349810e-01,9.748419658459607229e-01,1.407534768889386056e-01
-1.400129560383543692e-01,1.008986646029654155e+00,1.596769130652008206e-01
-1.406516714492378195e-01,9.329754252309414575e-01,1.685022900009237323e-01
-1.346467640331827642e-01,9.722844391046490120e-01,1.450333417395952840e-01
-2.125429805139258388e-01,9.315695620496171614e-01,1.211032643964654321e-01
-2.189073291462556303e-01,9.696084552935114731e-01,1.166697940557466506e-01
-2.392652791974385351e-01,9.751412534522979625e-01,1.227928321485023677e-01
-2.216105768580146351e-01,9.894385855310009470e-01,2.053861313261170496e-01
-2.218355919410541222e-01,9.742898745829120521e-01,1.291676578892998473e-01
-2.585070998716268997e-01,9.723798836592498773e-01,1.331804602331493337e-01
-2.609838968684619620e-01,9.235481685371664806e-01,1.413747556813731709e-01
-2.819245747404900970e-01,9.476777260261188829e-01,1.435982399098023887e-01
-3.148171298779273153e-01,9.287515239694975611e-01,1.804951972973999064e-01
-3.524504766070002404e-01,9.535263000948366319e-01,1.621187507552895035e-01
-3.654848794110351351e-01,9.419529995110259568e-01,1.292062216134056418e-01
-3.198222605749068137e-01,9.051857558818368066e-01,1.370602864388930364e-01
-4.019967648308208075e-01,8.938236114967194057e-01,1.962755664685298940e-01
-3.709394416174493503e-01,9.265583802395176427e-01,1.394942272006167716e-01
-3.759875595764237688e-01,8.954884795908816253e-01,1.781870900242416567e-01
-4.363148934671479684e-01,8.937332555507568888e-01,1.785258192093910345e-01
-4.057528005786827374e-01,9.191781469775995861e-01,1.331000426375006651e-01
-4.537486973034479121e-01,9.009597385200308617e-01,1.395253043429605933e-01
-4.208710418265489972e-01,8.278305058421048246e-01,1.425980891394771077e-01
-4.833601610761762979e-01,8.091334123529088096e-01,1.279074706364541070e-01
-4.678825572126001919e-01,8.758354070602062391e-01,2.058213163494909959e-01
-4.578339518361936311e-01,8.785133387093408963e-01,1.745451745515928799e-01
-5.096049737531680446e-01,7.908498321791992414e-01,1.317052697293333852e-01
-5.221604464174330884e-01,8.671548210610706686e-01,1.764398198162626108e-01
-5.611237767871868343e-01,8.670939779748589871e-01,2.084861123640389668e-01
-5.270551836976802296e-01,8.598748308361638948e-01,1.570263872128111471e-01
-5.365470068920036306e-01,8.293157495644107868e-01,1.859230997070562830e-01
-5.678042168604310325e-01,8.134388406064908539e-01,1.517641437166622476e-01
-5.921302906926358967e-01,8.328721002963457298e-01,1.638211186317881651e-01
-5.795704339001207517e-01,8.170467221923598533e-01,1.687527018745952068e-01
-5.792548287382734973e-01,7.792615022147426629e-01,2.166952328673160399e-01
-6.162260413026919847e-01,7.782599509853387332e-01,1.560526967835538237e-01
-6.418814132381152060e-01,7.634450190237437317e-01,1.477389195534278832e-01
-6.572313811705012832e-01,7.377991642648102921e-01,1.966058259924014229e-01
-6.297369728504290665e-01,7.165336414808330945e-01,2.269363168969845135e-01
-6.784660939715820849e-01,7.125101927917023570e-01,2.035434867314602492e-01
-6.981916630785673927e-01,7.248635235133608079e-01,1.747939910344256109e-01
-7.190997166563967147e-01,7.347766665861754642e-01,1.790914502611510861e-01
-7.462800060870219410e-01,7.192456257618424775e-01,1.566092632291176123e-01
-7.499635744110449975e-01,7.245683020788963313e-01,1.580994468521191021e-01
-7.908163248125801292e-01,6.984465859875899074e-01,1.823927318874320747e-01
-7.472714677870367916e-01,6.626650424706012066e-01,1.974705546888919361e-01
-7.715433005622148732e-01,6.971477681206201815e-01,1.546279994954230519e-01
-7.508957852014399581e-01,6.637060167590810300e-01,1.743800031083061197e-01
-7.988950272131795094e-01,6.613190529400040374e-01,1.696622751543272745e-01
-7.980192155697253265e-01,6.457391548097674017e-01,1.973925594695502828e-01
-8.384531908126763300e-01,6.555548261562592627e-01,1.840635069058074169e-01
-8.119558619430402580e-01,6.045213596531384681e-01,2.151368152484667007e-01
-7.602306119373666293e-01,5.423783669959018061e-01,2.215745277648916989e-01
-8.007827865495663611e-01,5.688714943317505490e-01,2.218275006107278124e-01
-8.047456856996982877e-01,5.237672610216957958e-01,2.479284489601882857e-01
-8.778061223858805162e-01,5.170303619833436226e-01,1.972462415940338942e-01
-7.963535235979649629e-01,5.251432762588299497e-01,2.044321100171916650e-01
-8.173575426895398621e-01,5.119764734260617844e-01,1.760835689408984661e-01
-8.731707460509882113e-01,5.416204338105821137e-01,2.095892733067639679e-01
-8.204082683975997270e-01,5.116559713507703444e-01,1.923637581304918909e-01
-8.765743595067927441e-01,4.568286264901509353e-01,1.930054019918017727e-01
-7.696756194599972956e-01,4.912895379495362813e-01,2.337459922853848959e-01
-9.086079398118136474e-01,4.915332239794628633e-01,2.411503776043655012e-01
-8.509222778938402287e-01,4.842445734319305028e-01,1.758307872995257815e-01
-9.349151647497658812e-01,3.968017184409413645e-01,1.908986774057296332e-01
-9.044467961886114571e-01,3.937786311771105385e-01,2.700304497494270817e-01
-8.699332806737197776e-01,3.938393329696791567e-01,2.682543084591142990e-01
-8.867703881869656302e-01,3.678664202266964112e-01,1.671503913364738025e-01
-9.366721068531653760e-01,3.482625741803974107e-01,2.256068515915073680e-01
-9.343646920173245274e-01,3.518445847238902413e-01,2.350472622720053140e-01
-9.733649535375112904e-01,3.460637288932828515e-01,2.114285799527423071e-01
-9.420562944931684113e-01,3.453042456658899639e-01,1.924188092295928409e-01
-9.594064471801408978e-01,3.025892630965480445e-01,2.120043422117101894e-01
-9.336017080347801533e-01,2.720386057819807468e-01,2.121939863811871663e-01
-9.796142799911961019e-01,3.037477605852915152e-01,2.150709395430006332e-01
-9.536231787249163094e-01,3.114093974194132031e-01,2.271046532538072982e-01
-9.407655338389624422e-01,2.883351363520683108e-01,2.568076188448779051e-01
-9.736463030311053313e-01,2.464850735122524894e-01,1.983022255087430186e-01
-9.968468610898189031e-01,1.989618398131060839e-01,2.906385176644019075e-01
-1.000940796317929093e+00,1.778224100007337882e-01,2.070908784414192128e-01
-9.685200282213252132e-01,1.874316790723935533e-01,2.633517724262098847e-01
-9.684109490993912939e-01,1.326290609050365665e-01,2.157035989354788852e-01
-9.530160849637983045e-01,1.474953596356199381e-01,2.684581768591022266e-01
-9.944101797839788315e-01,1.122000414653323425e-01,2.312193047592066564e-01
-1.017573571621129824e+00,1.069861931158078566e-01,2.454878220239436748e-01
-9.811616788975366932e-01,6.490701766620884938e-02,2.411035373175264840e-01
-1.011058736519734991e+00,7.357001456552350604e-02,2.462291206549551970e-01
-1.011422209130574901e+00,1.103204100785710601e-01,2.747281349756292568e-01
-9.677491381596793341e-01,4.616693880926550642e-02,2.204570938754415732e-01
-9.969469959675335557e-01,3.935582520349514835e-02,2.308397629571962983e-01
-1.029976056625703684e+00,2.644796513742011385e-02,2.373776043999215879e-01
-9.821588702612505939e-01,2.896697503857249140e-02,2.774814838177445120e-01
-1.032504428336113333e+00,6.422521355596162371e-03,2.315313746225160507e-01
-1.031315087818795329e+00,-3.072380090567665423e-02,2.791559970494487120e-01
-1.008986356515097382e+00,5.036726688888826242e-03,2.669868198341098231e-01
-1.008868447711149807e+00,-2.114269650364921510e-02,2.655667201085600837e-01
-1.021843449357985323e+00,-1.880256073519834259e-02,2.620183043096829811e-01
-9.961077571609129322e-01,-1.045641425974227351e-01,2.870237192660374803e-01
-9.818177959242285757e-01,-8.189391567786312442e-02,2.447189683488161516e-01
-9.719715728160804868e-01,-9.023737633358142052e-02,2.418075032670882474e-01
-1.028177372856831973e+00,-1.143793765761459413e-01,2.197051528723013014e-01
-9.855116584602334751e-01,-1.565147367423493363e-01,2.930401461207761127e-01
-9.971764245498448975e-01,-1.319235129135045981e-01,2.495528127364382009e-01
-9.585701608911416649e-01,-1.228206499143212338e-01,2.365055426293156682e-01
-9.739580491432848763e-01,-1.205063370250824967e-01,2.670508372371163119e-01
-9.767698269724600646e-01,-1.865287244441710679e-01,2.676438438802173359e-01
-1.019067076355896440e+00,-1.930140214150604383e-01,2.161232030429515172e-01
-9.821351269172754472e-01,-2.063802806477749996e-01,2.598812401720558274e-01
-9.854280520679765676e-01,-2.301000783364120783e-01,2.483640667724132667e-01
-9.949780302221231665e-01,-2.608982224768954250e-01,2.668668216987540309e-01
-9.911979986617591720e-01,-2.666594644075370724e-01,2.848330690126189557e-01
-9.638062475572664045e-01,-3.056742260015732904e-01,2.862370907130174502e-01
-9.189786616340098746e-01,-3.204285822671514294e-01,2.922467539449520868e-01
-9.300769024405931562e-01,-3.053231355762568988e-01,2.776106191390376177e-01
-9.629475976231679502e-01,-3.547817558642658575e-01,2.866990089025056587e-01
-8.869367553706724028e-01,-3.700687805322611656e-01,2.998766621710810543e-01
-9.366160272304515644e-01,-3.693634056243264019e-01,3.194745490446626590e-01
-9.024454369979691970e-01,-4.188138933819710585e-01,2.668219943068871891e-01
-8.835482344366707430e-01,-3.975586204368237730e-01,2.531931177201617311e-01
-9.307012334417447130e-01,-3.974149694922931575e-01,3.097785520797966541e-01
-9.024484843117451804e-01,-3.659237779597211970e-01,3.066344428110475140e-01
-9.023239911135233493e-01,-4.650373289176541469e-01,2.614389561398418604e-01
-8.802847989555674380e-01,-4.706338176135131945e-01,3.310720967113320867e-01
-8.437746416242780656e-01,-4.555941211421673520e-01,2.586723790180395777e-01
-8.914554576395402608e-01,-4.533267443730547575e-01,2.758258600166761387e-01
-8.373817192118182540e-01,-4.871791728797466581e-01,2.929497567688244541e-01
-8.765367199879220417e-01,-5.154288749807502956e-01,2.977623631584979669e-01
-8.235593205498001890e-01,-5.492998494882191940e-01,2.873323115855247467e-01
-8.406755669647872908e-01,-5.226295447979488751e-01,2.719147204080718527e-01
-8.672310811756501758e-01,-5.355108752686081885e-01,2.574307686732006384e-01
-7.912662951751880946e-01,-5.699727529234561718e-01,2.579185937490956482e-01
-8.278423225086105619e-01,-5.690549579758612531e-01,2.853707696127919524e-01
-8.057175372621956377e-01,-5.724887228876081036e-01,2.951553729308346585e-01
-8.210236409475208941e-01,-6.119214245046340483e-01,3.381550008535977314e-01
-7.437255667223530153e-01,-6.688092668631608895e-01,3.310464671843689755e-01
-7.709763156693120179e-01,-6.051086911119928358e-01,2.899178029317359129e-01
-8.130992724211666411e-01,-6.260225596823008054e-01,2.810878260178347188e-01
-7.931116012689822803e-01,-6.871411972376554322e-01,3.221475241310728932e-01
-7.433036975486764231e-01,-6.447303375278184978e-01,3.251588633787687033e-01
-7.472218548470171973e-01,-6.784156099344055280e-01,2.959322621731359515e-01
-7.310526104821012394e-01,-7.130654142155175013e-01,3.204694048229868031e-01
-6.869538769392146138e-01,-7.205029309247124036e-01,3.447190290174808047e-01
-7.006920403970421374e-01,-7.043494602150540684e-01,2.690156936836389789e-01
-7.390201327828708200e-01,-7.178307934482489605e-01,3.345317727003515040e-01
-6.982607847550693636e-01,-6.892330107202018219e-01,3.343686246915893445e-01
-6.927766950361817777e-01,-7.421729600218666123e-01,3.805945061109392569e-01
-6.896381286888166873e-01,-7.397652449586881174e-01,3.095648385278098602e-01
-6.273773907717009601e-01,-7.309340619556099483e-01,3.091771695438921275e-01
-6.046502839987961675e-01,-7.163650838145401156e-01,3.221115642013242519e-01
-6.010275211189080036e-01,-7.988233134579212358e-01,3.221492968093667142e-01
-6.134527460871278537e-01,-7.726785164476700496e-01,3.540056330544797403e-01
-5.991716506501886252e-01,-7.631368416646057140e-01,3.636575526741894215e-01
-5.617784744977757372e-01,-8.253334996906170895e-01,3.096107244728053542e-01
-5.917735088755722295e-01,-7.965840471983652860e-01,2.953732129971887721e-01
-5.403414018917421791e-01,-8.578765612102331461e-01,3.491719824637243286e-01
-5.442494227894504322e-01,-8.042033486252015972e-01,3.586312231087182001e-01
-4.943873004769118729e-01,-8.093825141697021941e-01,3.341212390141781730e-01
-5.479668423830347246e-01,-8.825244418100699484e-01,2.777868793683097026e-01
-5.325110786061573176e-01,-8.616153734050597812e-01,3.184671421060533136e-01
-4.955430283538890257e-01,-8.584994490989009686e-01,3.263174335210994315e-01
-5.060930429564312050e-01,-8.802071194150938860e-01,3.122222852173100471e-01
-4.702406687941826924e-01,-8.515604072821227888e-01,3.296870044150403412e-01
-4.035324868315068869e-01,-8.564421772683885603e-01,3.229660523285459717e-01
-4.638351967193239944e-01,-9.017155270595506034e-01,3.689502774937148954e-01
-4.335903811198635882e-01,-8.836460794743586922e-01,3.716247147633943149e-01
-4.266004958655277846e-01,-9.310528656673979775e-01,3.600764155335189343e-01
-3.882781141170726369e-01,-9.375931754923118033e-01,3.338361595058759734e-01
-3.795036842078512995e-01,-9.663359449979083138e-01,3.639473957580812158e-01
-3.754329112098051535e-01,-1.003629490294596138e+00,3.448154954141162687e-01
-3.675211799967769699e-01,-8.937535019638298550e-01,3.315684900541548408e-01
-3.619293100859387602e-01,-9.296043577894428367e-01,3.308836638226483884e-01
-3.388470787539247242e-01,-9.346936366410930619e-01,3.223239743499775045e-01
-3.414005931169233343e-01,-9.081817763005399780e-01,3.653993921337903017e-01
-2.955770368507777968e-01,-9.574925707686992027e-01,3.647498837267222904e-01
-2.485336221789434252e-01,-9.813432125637054915e-01,3.623942502811571820e-01
-2.715844910219504249e-01,-9.708896463804785881e-01,3.583414667210327864e-01
-2.434505683901266038e-01,-9.509658978282259367e-01,3.680197768635659616e-01
-2.669310851257262196e-01,-1.008718556142758516e+00,3.471506226147242913e-01
-1.654416464060474989e-01,-9.991140387870148798e-01,3.525715956506321191e-01
-2.111062822607119027e-01,-9.946555721107982473e-01,3.638007451412698656e-01
-1.456517893337294645e-01,-9.715603716516036936e-01,3.397052141462353902e-01
-9.524720594218168135e-02,-9.840416714292061773e-01,3.467995902360765381e-01
-1.143437525481390826e-01,-1.000674498461022077e+00,4.058863554245664695e-01
-1.577131326130527256e-01,-9.538933922447462299e-01,3.693958517972689704e-01
-8.630383977997124756e-02,-9.437185537101473454e-01,3.362154666601636643e-01
-7.106952854917683582e-02,-1.030951265170654496e+00,3.396724577823432289e-01
-1.090947356013798886e-01,-9.830865119138737507e-01,3.688123450837713091e-01
-7.699120091811956224e-02,-9.935801303085215475e-01,3.844772720463524585e-01
-3.972909895853361795e-02,-9.701263111299061048e-01,4.174522545003551133e-01
-4.182481084779608727e-02,-1.012601231519200340e+00,3.875547562188760842e-01
-5.509667196642706322e-02,-1.017196030875070045e+00,3.987679597392139730e-01
-1.303431937966046707e-02,-1.031144480421007925e+00,3.357544321549870148e-01
7.155578652469907208e-03,-9.705014260177161622e-01,4.046058319727444674e-01
2.448647920670467271e-02,-9.479006882913907361e-01,3.740146767440444830e-01
3.376691645021039079e-02,-1.065587832684889991e+00,3.664225677169594686e-01
7.505290205863569819e-02,-9.582136103327258958e-01,3.577892526586045063e-01
8.068837397278261214e-02,-9.706055944166065430e-01,3.807649636170253871e-01
2.548619276437801007e-02,-9.900444945220026050e-01,4.013855726722394546e-01
7.563537882224521947e-02,-1.001539509299065323e+00,3.531464333251536636e-01
4.937591563563355213e-02,-9.667656300476860087e-01,3.841335092092098558e-01
1.725866363899638267e-01,-9.692034918467251625e-01,3.763369587168096664e-01
1.447652489835951350e-01,-9.745320319739213533e-01,4.116961561570635642e-01
1.707815682960101278e-01,-9.581727110511966128e-01,3.803256665363949351e-01
1.522049319074973428e-01,-9.857129539897055981e-01,3.945339547229970156e-01
1.623819569226691018e-01,-1.015630561109879482e+00,4.020386107773990525e-01
1.983177861701089228e-01,-9.822380781121855531e-01,3.824532248337568219e-01
2.634219410778843029e-01,-9.419757429086651479e-01,3.610455699457905676e-01
2.257069805661580941e-01,-9.489604307502932379e-01,4.097834334846480742e-01
2.536319355234216699e-01,-9.963897766667879630e-01,3.778727302346110983e-01
2.565373088139985547e-01,-9.557428565142508381e-01,4.407323078261472515e-01
2.672554202273327295e-01,-9.850206595453857572e-01,3.951940400375795748e-01
3.266658170862334898e-01,-9.912854300349105419e-01,4.367786019539879327e-01
3.105525231187826196e-01,-9.680521468543942243e-01,3.591873635609108550e-01
3.481221634087946493e-01,-9.484416375406318211e-01,4.061594190762825574e-01
3.214302965458944450e-01,-9.469559320727256591e-01,3.904413292422480031e-01
3.568106867461822707e-01,-9.504669352654242509e-01,3.646462423677317988e-01
4.444831122498910658e-01,-9.626128106036697663e-01,4.101917440758600653e-01
3.428288235660567618e-01,-9.729748345329952697e-01,4.092841064578149890e-01
4.075233651612085173e-01,-8.826214252244085623e-01,4.183254067937678955e-01
4.134971485200795160e-01,-9.332555005322794583e-01,4.479626726229410383e-01
4.555858531334721073e-01,-9.342401000064034511e-01,4.114932788839204547e-01
4.494574580501588534e-01,-9.040872857045066935e-01,4.316921368304184048e-01
4.812349039649596039e-01,-8.929603741474083645e-01,4.057648627091279825e-01
5.123705097005004649e-01,-8.566181917017410274e-01,4.161360161314451300e-01
4.454005070706320568e-01,-8.642623445004703475e-01,4.335423328339152449e-01
4.300191054508153976e-01,-8.588666439859837798e-01,4.060129206040882233e-01
5.089803193911172086e-01,-8.808075060020719160e-01,4.141966163987084726e-01
5.640407002767389155e-01,-8.607055504960015035e-01,4.442030144367055677e-01
5.205747128487203668e-01,-8.211807063343753432e-01,4.205684075122252397e-01
5.636366536875776490e-01,-8.319669441581862834e-01,4.383425314530192685e-01
5.012775818505048608e-01,-8.599840155727290769e-01,4.337968595623818424e-01
5.276855354576861501e-01,-8.279977903149899898e-01,4.228773930294171257e-01
5.717990424935428528e-01,-8.229246018412588182e-01,4.325435520433008607e-01
6.318254076961720145e-01,-8.203865539024641773e-01,4.119367794942727090e-01
5.993263120194174398e-01,-8.485308065986723047e-01,4.316937211885332748e-01
6.546233085219197445e-01,-7.499491237294081403e-01,4.068053931059653072e-01
6.103042522703605588e-01,-7.656270285641227913e-01,4.519481406176802385e-01
6.585884402424213580e-01,-7.485144131105727627e-01,4.612692249547043488e-01
6.473160983099423005e-01,-7.512745064230806902e-01,4.752431128092865498e-01
6.729612539786539172e-01,-7.677424949289313183e-01,4.170116080760711275e-01
6.652966186294945183e-01,-7.150471350996834285e-01,4.124131086365232512e-01
7.078210586097518631e-01,-7.323381887583081395e-01,3.819751715588698415e-01
7.198717168946441314e-01,-6.983915993569017600e-01,4.514148932919203050e-01
7.055362993264407967e-01,-7.110669131646886187e-01,4.496640886842520057e-01
7.729059505637702054e-01,-6.791978473890607493e-01,4.515125136603507228e-01
7.359811627674466283e-01,-7.077164894356360314e-01,4.667790887470985028e-01
7.781484468195934978e-01,-6.377249395493317374e-01,4.383563982434804385e-01
7.803346297873285931e-01,-6.210503958200450647e-01,4.861342085700104398e-01
8.004770379409973380e-01,-6.303680408616593178e-01,4.117808109215055357e-01
7.888181298870866609e-01,-6.131256418649323470e-01,4.651140531592810601e-01
8.294035352966223629e-01,-6.097872912678601320e-01,5.023028046349493625e-01
7.584815294185588419e-01,-5.839348700188607966e-01,4.286956520382850244e-01
7.639165557230103154e-01,-5.872541749960994428e-01,4.129423060964723113e-01
8.180422399743054740e-01,-5.682866744981328599e-01,4.806929736401645004e-01
7.921373692443756109e-01,-5.327290721228976622e-01,4.555985479451514775e-01
8.662666506896916641e-01,-5.541910624571292354e-01,4.199223602866892224e-01
8.167076129131949358e-01,-5.631226004978642230e-01,4.679055407874236905e-01
8.944982688314205843e-01,-5.309526200017068431e-01,4.730638744037793386e-01
8.250506411957735375e-01,-4.981794332914600831e-01,4.753333628911932118e-01
8.347963309159170953e-01,-4.944424189554120219e-01,4.778075138805524258e-01
8.040257510211425984e-01,-4.409229274713356017e-01,4.697069198890185815e-01
9.056411642581586596e-01,-4.721618753882317332e-01,4.173504923878989525e-01
9.080735570739849605e-01,-4.496296371810998838e-01,4.639079968637226381e-01
9.292919870367997159e-01,-4.137028329518539493e-01,5.139324106413338811e-01
9.118888657967495481e-01,-4.369961913909000129e-01,4.607174813352581388e-01
9.251278683810153503e-01,-3.785929164511826484e-01,4.289580488062190167e-01
9.208703085587395254e-01,-3.488345559290559894e-01,4.618834575169913914e-01
9.507122829764187433e-01,-3.631307785550046963e-01,4.940148262362120679e-01
9.115660466993806832e-01,-3.820353127039550767e-01,4.711116096235789530e-01
8.984796475727532261e-01,-3.534961135634118734e-01,4.783685021650956326e-01
9.894472782490779661e-01,-3.213393911389882951e-01,4.892333468938663277e-01
9.785366992363031535e-01,-3.417645201899696117e-01,4.700808683063753546e-01
1.015957162872239028e+00,-3.039462112712008612e-01,5.044182058221011733e-01
9.828501554327367939e-01,-3.250345336065210700e-01,4.848619291262515896e-01
9.661504799300719704e-01,-2.632527701826188893e-01,4.586281462100736950e-01
9.376805839853731284e-01,-2.688924073502396705e-01,4.768243412089253619e-01
1.001026581273220195e+00,-1.944519366581795305e-01,5.166577433932919572e-01
9.963170131944232288e-01,-2.520087489192068264e-01,4.712955424934469617e-01
9.829638584592490513e-01,-2.270593541808460514e-01,4.980060221624660333e-01
9.993386275755494763e-01,-1.814855438526301046e-01,5.108220973948598420e-01
9.603334894601814886e-01,-1.557996260166579217e-01,4.676470191949460009e-01
9.621025092367213594e-01,-1.506524336797372965e-01,5.182496740810519364e-01
1.001458117257068681e+00,-1.483200084416117226e-01,4.961176068213200563e-01
9.945997221097168106e-01,-1.623564567166425887e-01,4.572800650899092600e-01
9.910160100552738438e-01,-1.156220980246622093e-01,4.909058429196477835e-01
1.012234521009800714e+00,-1.076146970592371105e-01,5.063996781094468602e-01
9.925281379710182428e-01,-3.931909177031340380e-02,4.952002410648232988e-01
1.057928699312159271e+00,-6.162709079638254567e-02,4.888512994821735402e-01
9.752636049709231258e-01,-9.227099834690161151e-02,4.700227306940339966e-01
9.765176632694136938e-01,-2.911556816235229966e-02,4.832866909862660876e-01
1.004547768043933198e+00,9.508531116650363602e-03,4.958556406036357944e-01
1.053648196105083867e+00,-3.822050611044605639e-02,4.954864916939976660e-01
9.860452424980516994e-01,3.204220930067801232e-02,4.427994364873636401e-01
9.624637675741528620e-01,2.081779416488662923e-02,5.419304048575278587e-01
1.005057829979660644e+00,4.415033246864361050e-03,4.722207818472399232e-01
1.041678118093858130e+00,3.898259081970104067e-02,4.800352975624990748e-01
1.035638956882015016e+00,9.681946669625503266e-02,5.385253737095960780e-01
9.717331116802876423e-01,4.701931683849742971e-02,5.103216615777835807e-01
1.003431306567221126e+00,1.114647689827920479e-01,5.462985294146133208e-01
9.482891772003745334e-01,1.398791992326542111e-01,4.810743591357305449e-01
1.013170635506304373e+00,1.210246492578768429e-01,4.896233901220055085e-01
9.731124084293003573e-01,1.115347407910422806e-01,5.129336459643130119e-01
9.664466673952077924e-01,1.846909057728657599e-01,5.296662247750757446e-01
1.027272375939857652e+00,1.893408955965473206e-01,5.278357116110331537e-01
1.016884713764980797e+00,1.791265094575961725e-01,4.772211002271745661e-01
9.827100186666163362e-01,1.740020377246743188e-01,5.802512573881897229e-01
1.011686648296262758e+00,2.819479251647499241e-01,5.197599240721471059e-01
9.846475302571993105e-01,2.295081702503660170e-01,5.421943673118168050e-01
9.351343434757147799e-01,1.909460026513151998e-01,5.002364566440229421e-01
9.247847648228205708e-01,3.099282787221496749e-01,5.687790565201926718e-01
9.217481763808597073e-01,3.202221567644581435e-01,5.477165473785533534e-01
9.128104266890771923e-01,2.918276312237195746e-01,5.094269939153521776e-01
9.677841175773184146e-01,2.851349475453223703e-01,5.231044041365048303e-01
9.256627549604243832e-01,3.439572594645353698e-01,5.213115566699744186e-01
9.242193114353276506e-01,3.410251878187084418e-01,5.807262136231163829e-01
9.217088252686975736e-01,3.343652698054851991e-01,5.444746977167829183e-01
9.229701842374097298e-01,3.393238220294593210e-01,5.882755091733967712e-01
9.115496788279063844e-01,3.806335419098878514e-01,5.360414803028857866e-01
9.590640772430418792e-01,3.614528114535943693e-01,5.402917874700612355e-01
9.618053367461001368e-01,4.224741350676019525e-01,5.025244977807639124e-01
8.852468328169063039e-01,4.387188339851610386e-01,5.700279292041252610e-01
8.855243786880472312e-01,4.688396187479499932e-01,4.998631800938715397e-01
8.498633424925685631e-01,4.490415785811580629e-01,5.752993596988309477e-01
8.815472499557015507e-01,4.828835686248099113e-01,5.466036655302830560e-01
9.008208691919850075e-01,4.734240938244521635e-01,5.584458070256260731e-01
8.429309557913297057e-01,5.540385263882665612e-01,5.212631242016975142e-01
8.335861953349226194e-01,5.305580807878214067e-01,5.452389302593257936e-01
8.565792759805420653e-01,5.356397858103030263e-01,5.162790818380968982e-01
8.813573689095169916e-01,5.661134607053328605e-01,5.807671117248929260e-01
8.174194954070127528e-01,5.669367625624089913e-01,5.520292736486372975e-01
8.513324149583230138e-01,5.991393159851476913e-01,5.531693659231647908e-01
7.739666476536741779e-01,6.279916558855311859e-01,5.637911319662555210e-01
7.881938686640898029e-01,6.052573241696755924e-01,5.116753483496777610e-01
8.216959400183238005e-01,5.693473663384047700e-01,5.462384786131758707e-01
7.911106453659951798e-01,6.465703768750677982e-01,5.559422315346641552e-01
7.913488362986049740e-01,6.312885545424760103e-01,5.536120854798357582e-01
7.671268228568729475e-01,6.392442534346002292e-01,5.121511954518570553e-01
7.348588771393740338e-01,6.623950465202824711e-01,5.505144427916983663e-01
7.402611907127906177e-01,6.595151871916925534e-01,5.359015931302124613e-01
7.209575954913595153e-01,6.715644795684067025e-01,5.595820958767671049e-01
7.330674423722580713e-01,6.862794413553654493e-01,5.341175100346882143e-01
6.758601776558020857e-01,7.692845395835714584e-01,5.327831760186464427e-01
6.874338456087251137e-01,7.266824289090371147e-01,5.725206084304045318e-01
7.029658691624179889e-01,7.128383121473262918e-01,5.706145984022628070e-01
6.796262257487024616e-01,7.269642007781744741e-01,5.720430574842766402e-01
6.936460773158166226e-01,7.450222176429398546e-01,5.665573060873249078e-01
6.821680505200503619e-01,7.808037499693502026e-01,6.091039133914831760e-01
5.972783742257627981e-01,7.895529616556880015e-01,5.849932612015888989e-01
6.076254753881782378e-01,7.826919782596861719e-01,5.978509739937855061e-01
5.967988087559182864e-01,7.974422262516632776e-01,5.944613340867768159e-01
5.781163997001818045e-01,7.919680679694769410e-01,5.809868423042667818e-01
5.726254328593515242e-01,7.823723092123083811e-01,5.709815394242662157e-01
6.011415876120762558e-01,8.309191610980388720e-01,5.534799243893985254e-01
5.844043101715061805e-01,8.017452713014807664e-01,5.354002776066504321e-01
5.450693548501707175e-01,8.611441501587285829e-01,5.951581938777842362e-01
5.413517777045354640e-01,8.300116807406481279e-01,5.694115675641910901e-01
5.309112111008911228e-01,8.215959171705389252e-01,5.717385643539771856e-01
5.091167614392134722e-01,8.224993037221639547e-01,5.603306374715826266e-01
5.117329690107923490e-01,8.656149167002948897e-01,5.752575063338692951e-01
4.639320019178122534e-01,9.138543381356211137e-01,5.628458758352946623e-01
4.801663543334090956e-01,8.681063039877148224e-01,5.866688143531876287e-01
4.715758854308467196e-01,8.526655440940624775e-01,5.868129132268630199e-01
4.764802719465158765e-01,9.406412796350812622e-01,5.848786278694978469e-01
4.326811325779563733e-01,9.591543055136562135e-01,6.187880323999205290e-01
4.014280327426693051e-01,8.927582230903574612e-01,6.154343631087489941e-01
3.769189008327858414e-01,9.432731118123927061e-01,6.006208552056158112e-01
4.019449448920741075e-01,9.147873087621803956e-01,5.769809023364201872e-01
4.117847729385715749e-01,9.210426040627986977e-01,5.838837036748377729e-01
3.573388152920806138e-01,9.381640052246931205e-01,5.691311113710099123e-01
3.301035126596015279e-01,9.227614073452176102e-01,6.188194678238878588e-01
3.070078512386978375e-01,8.986924365931936443e-01,5.474618845196300709e-01
2.770320991669192323e-01,9.842454998552166989e-01,5.999177919010671989e-01
3.129697698337144951e-01,9.677810874103179861e-01,6.022014801638797543e-01
2.830584281251065093e-01,9.854980599804025188e-01,6.057717868887364521e-01
3.060006040093179447e-01,9.789226453472334999e-01,5.873039673951974127e-01
2.418674119297934966e-01,9.482380232998820491e-01,6.359399636619514906e-01
2.290049963280157141e-01,9.502908565934773399e-01,6.140131410735405471e-01
2.216548360945714558e-01,9.821566492640201318e-01,6.557994746542119557e-01
2.323824191725947785e-01,9.786537929545074954e-01,5.718980243516921247e-01
1.804949797524240396e-01,9.994770247080844161e-01,5.792782631634741941e-01
2.332239220691705861e-01,9.844119288725714512e-01,6.120246091665445531e-01
1.452396749823037514e-01,9.995412649278968553e-01,5.821180355344318658e-01
2.028054073607927776e-01,1.023160475833086780e+00,6.386788875609923366e-01
9.544056047202045812e-02,9.966409139015692809e-01,6.457340193459215616e-01
1.310439405322053330e-01,9.674083704791068827e-01,5.989857641387167364e-01
8.842772438347966391e-02,9.793984172655533227e-01,6.564908827483366682e-01
3.483911423163438964e-02,1.013363308313919076e+00,5.849084955706989053e-01
4.393673031368130338e-02,9.457468768054572150e-01,6.053490639545477947e-01
9.205947280469345406e-02,1.005428710952522176e+00,5.898369896576342031e-01
6.360486721342728522e-02,1.031091940531952078e+00,6.247137788454369955e-01
7.415640944035921389e-02,1.020977102869096820e+00,6.409036400907648368e-01
-1.484359384152968836e-02,1.016180615236015994e+00,6.301277229852044748e-01
3.591201248199171747e-03,9.822772384707034732e-01,6.290894507761366494e-01
-4.664411824208925667e-02,9.442393411783503998e-01,6.528077545831363349e-01
-8.006156269383292445e-02,1.001915206716712081e+00,6.368827172756434951e-01
-4.855063437558486406e-02,9.910667596592838136e-01,6.365389870247482040e-01
-6.051682307957948620e-02,1.016330720433096468e+00,6.755420139499946908e-01
-8.230616100607460184e-02,9.977428649702811958e-01,6.086303623343416458e-01
-9.275192028802317634e-02,1.011806877966295870e+00,6.283267819549348543e-01
-1.055752225418731260e-01,9.852657305029213219e-01,6.518666891444528932e-01
-1.116737838703399793e-01,1.014014072926367804e+00,6.388372169587908100e-01
-1.776505035659374232e-01,9.727659490104568762e-01,6.524119216831703039e-01
-1.031065685322749420e-01,9.772736155579363482e-01,6.500665685149329409e-01
-1.961727025218765741e-01,9.581868201585895806e-01,6.220884933641441794e-01
-2.510237515985369594e-01,1.015294028451283914e+00,5.832240903894888584e-01
-2.194640552240847142e-01,9.467112736602799616e-01,6.192198720734125583e-01
-1.924548762158299064e-01,9.788537312024765402e-01,6.183797883978444654e-01
-2.584981395982295926e-01,9.501935778002479349e-01,6.434314440161216231e-01
-2.540388654873997898e-01,1.014950025074616846e+00,5.963327145961923037e-01
-2.745617651732685793e-01,9.536784002571799812e-01,6.714965621483788283e-01
-2.795951516819262794e-01,9.726446118639464622e-01,6.572197315293579756e-01
-3.278389881229651359e-01,9.840152655846599039e-01,6.701775400977738606e-01
-2.950863803361719606e-01,9.804827198401619981e-01,6.615969417692264543e-01
-2.953547763570865126e-01,9.524678268439755735e-01,6.464094848770975954e-01
-3.485459880990649517e-01,9.367394729358079486e-01,6.399071385305162840e-01
-3.209424902608334351e-01,9.394099188828770597e-01,6.570141430827215467e-01
-3.676586674726926018e-01,1.002868041743318450e+00,6.266012200432633517e-01
-4.140154538170434662e-01,8.842374050773309513e-01,6.510661537815519706e-01
-4.002781771015799239e-01,9.015851848790874534e-01,6.443883804300761797e-01
-4.172581913843528278e-01,8.941276272018223725e-01,6.675825052524136938e-01
-4.063814916946687505e-01,9.178380906036882614e-01,6.835718012650519038e-01
-4.212186455458977741e-01,9.007057574975235736e-01,6.579818450985190914e-01
-4.831873996805303162e-01,8.761285325105848676e-01,6.498087873860894925e-01
-4.582398428868432738e-01,8.877858866553222095e-01,6.825694354464443281e-01
-5.208496040669925442e-01,9.081847731165710869e-01,6.548086244770839892e-01
-5.329332194433289427e-01,8.520526366718793598e-01,7.312090658776376761e-01
-5.280594017421166297e-01,8.469574265769213017e-01,6.633757116254713759e-01
-5.352744799401036868e-01,8.269216024341569105e-01,6.732844210947064312e-01
-5.169245695915549721e-01,8.467491131053906939e-01,6.421507774668251400e-01
-5.667060479370084058e-01,8.157255790500588244e-01,6.734568897784399821e-01
-5.364504146376470883e-01,8.172455483298788348e-01,6.710657180933593535e-01
-5.377475575935847241e-01,8.346325173748019299e-01,6.894147196984451442e-01
-5.457860886239002118e-01,8.153773261336472178e-01,6.245571755970209527e-01
-5.873938519450304652e-01,7.521515448894247058e-01,6.887661250803432944e-01
-6.655365455656095941e-01,7.715263213356706729e-01,6.689558425029809019e-01
-6.534207946802614853e-01,7.647049551522384636e-01,7.062579037679037608e-01
-6.640604983198628020e-01,7.777264990620982310e-01,6.559201777745888862e-01
-6.624503908730313695e-01,7.617647742197641847e-01,6.563745221623242809e-01
-7.031910316559246699e-01,7.556685822370723393e-01,7.123495843595413213e-01
-6.829685423695028845e-01,7.205442684806030451e-01,6.886249430304346442e-01
-6.909283484131125697e-01,7.278227447610086109e-01,6.205837607970455805e-01
-7.312247590440240641e-01,6.887516467429575240e-01,6.910039464914082830e-01
-7.099121131797332396e-01,7.158445714750417688e-01,6.950106277869801952e-01
-7.592044566313206344e-01,7.254514692533119424e-01,7.224500641346409679e-01
-7.688381074514943903e-01,6.851858388824760837e-01,6.754910707567742811e-01
-7.433188906872224555e-01,6.921259227574203532e-01,7.471096104228902579e-01
-7.378727474492292604e-01,6.607176070242449795e-01,6.845932956706136663e-01
-7.627444047834809338e-01,6.762189658484670796e-01,6.934639940273648051e-01
-8.003119842041065413e-01,5.871471076551950663e-01,7.091155709443536237e-01
-7.808456914923750380e-01,5.999834633561884623e-01,7.236107620852350042e-01
-8.077202577270981010e-01,6.007261296081418678e-01,6.979427360379141243e-01
-8.152954647333010563e-01,5.976853713281495839e-01,7.293540430212125392e-01
-8.449352551795820121e-01,5.914555545459004859e-01,7.053208419497660753e-01
-8.204717266085347349e-01,5.884561459968018493e-01,7.034004074122899297e-01
-8.208418001551054388e-01,5.713931316191976917e-01,6.903576571747858104e-01
-8.341085595159090094e-01,5.332636308537067604e-01,7.012052455183431787e-01
-8.585320313698635575e-01,5.385943916978965795e-01,7.079902343653041719e-01
-8.482049358538948924e-01,5.125434538213797797e-01,6.657191469248068261e-01
-8.655430151759272439e-01,5.010727770364065137e-01,7.146487593585200138e-01
-8.894290319463353800e-01,4.548811736050771271e-01,7.257629748584424334e-01
-8.886953919519917644e-01,4.763595985772662855e-01,7.036219491369499757e-01
-8.891011201758499682e-01,4.464151717718383705e-01,6.871464501005464243e-01
-8.838071832304381648e-01,4.284064523698693505e-01,7.176245954859741261e-01
-8.923123146967701924e-01,4.146805976616405043e-01,6.835617044039423718e-01
-8.469217022628245939e-01,4.019517043216366825e-01,7.319900872949335335e-01
-8.659084685573038564e-01,4.216152185989539003e-01,7.093896803581758448e-01
-9.239105330536458993e-01,3.652703260958320985e-01,7.411614017940012511e-01
-9.135265260532234866e-01,3.589341494218648010e-01,6.927429694372340130e-01
-9.679966478702731747e-01,3.830420470592478255e-01,7.240088878972796849e-01
-9.338430059963235275e-01,3.215944063378437523e-01,6.843683562422263611e-01
-9.198165898702466148e-01,3.291102105371318531e-01,7.468269989391034258e-01
-9.596750157883077170e-01,3.070134020323445068e-01,7.430715627474404616e-01
-9.356106197264892899e-01,3.187440311297827233e-01,7.182859566414493413e-01
-9.432229588988837454e-01,3.117385715799539936e-01,7.244539727009147168e-01
-9.766800373101761634e-01,3.026522529121272731e-01,7.115142069209704490e-01
-9.512667230709270783e-01,2.512923487273858170e-01,6.821170253703743303e-01
-9.422367686702431966e-01,1.663517452065542135e-01,6.796879503292494462e-01
-9.613759008185888133e-01,2.358549005748080962e-01,7.157043389886292850e-01
-9.745486286442334167e-01,1.415301920213605236e-01,7.516692758325567159e-01
-9.750504035505600520e-01,1.902952766795243666e-01,7.352064152725524826e-01
-9.716529578210746365e-01,1.752678290958272489e-01,6.875360323898311865e-01
-9.303297626666704456e-01,1.915127493622323651e-01,7.039971041479157199e-01
-9.983470228552587811e-01,1.388740132879954792e-01,7.662764805040126470e-01
-1.047341329758204376e+00,1.165058489866518665e-01,6.942189489238804745e-01
-1.000866680308873935e+00,1.015794350153089304e-01,7.429836779733177687e-01
-1.010789162256929163e+00,7.874969742676010687e-02,7.581758541273174723e-01
-9.848544121271991525e-01,9.671208327477898159e-02,7.388621270316512168e-01
-1.012527873566012149e+00,6.372413191474506078e-02,7.576197203509814626e-01
-1.054893444814000381e+00,6.126759609394540063e-02,7.539136631765606111e-01
-9.977693445029764963e-01,3.152483186891564398e-02,6.809325908679075834e-01
-1.011162772477564031e+00,6.585751574872997227e-02,7.487686266547584069e-01
-1.007925797550861091e+00,4.368375237832293652e-03,7.588465406307699501e-01
-9.829211851479590090e-01,-1.770461085279822350e-02,7.619091348376345607e-01
-9.563339314466942076e-01,-1.540749025036178971e-03,8.126114875169833107e-01
-1.016021145675371606e+00,3.793633247271832598e-05,7.330284001085606294e-01
-9.891329904066639145e-01,-4.003351426863538398e-02,7.415062567580901209e-01
-9.949397504388314273e-01,-5.113069517509596928e-02,7.376073456589898880e-01
-9.528139481752639917e-01,-1.260577640796817500e-01,8.072749343797465116e-01
-9.685181909731831462e-01,-1.082786662309139919e-01,7.480520790891991290e-01
-1.005671040070583722e+00,-1.250934199965727245e-01,7.584475712508484957e-01
-9.581386587800505561e-01,-8.635654929078445674e-02,7.660987268505259351e-01
-1.010097991971665721e+00,-1.668334697961706692e-01,7.574757641677659636e-01
-1.012336772025985709e+00,-1.987051956903956029e-01,8.175973915655706525e-01
-9.751603040024413582e-01,-2.052591278994168045e-01,7.857887365578425376e-01
-1.010383932484515856e+00,-2.274825332097413222e-01,7.452247112724963429e-01
-9.339921292217315818e-01,-2.211019735451680013e-01,7.041696684488087943e-01
-9.419713700751572993e-01,-2.378173785718922795e-01,7.207130507654886387e-01
-9.776524714956028594e-01,-2.317334199870983158e-01,7.801437742983652335e-01
-9.190695079766395548e-01,-2.824177018852430110e-01,7.721699122935230530e-01
-9.793470701984372528e-01,-3.153692906219396352e-01,7.950775797135302136e-01
-9.448726963410212232e-01,-2.833134662866827469e-01,7.844855894562716703e-01
-9.698414384733069493e-01,-3.316143172785337989e-01,7.756903678583397799e-01
-9.172395341085252118e-01,-2.790691838296094351e-01,7.965062329228184135e-01
-9.413071661766209131e-01,-3.284781285734553191e-01,7.775208540910063526e-01
-9.631558970401083997e-01,-3.495812720672445972e-01,7.440108869292146876e-01
-9.342480498380111298e-01,-3.226647298130748132e-01,8.009690167983833931e-01
-9.490234990031576334e-01,-3.813725970206097160e-01,7.594345141509847297e-01
-9.207217641272609221e-01,-3.671271114545123226e-01,7.990869703355029108e-01
-8.486626310270071194e-01,-3.776251472160287448e-01,7.887461768714530974e-01
-8.887791451556790179e-01,-4.279438699270303736e-01,7.556213082966842798e-01
-8.657892837812133369e-01,-4.108678448590716292e-01,7.797590043751946309e-01
-8.854464357224365312e-01,-4.189718806944137119e-01,8.090849190035548366e-01
-9.230893873523842164e-01,-4.587012437085620231e-01,7.841577407829638524e-01
-8.491578773822722193e-01,-4.522375976395558439e-01,8.237806383361955254e-01
-8.991149901019152013e-01,-5.128481467528116511e-01,8.197518205130714941e-01
-8.776736424363899003e-01,-5.455096469576130591e-01,8.059907351102711948e-01
-8.684585083541404016e-01,-4.735216645165932214e-01,8.011386790211202369e-01
-8.419135950547745884e-01,-5.426348048710708527e-01,8.358151936367153034e-01
-8.283053484574950387e-01,-5.568881884726526454e-01,7.754935514015366405e-01
-8.307634320944612405e-01,-5.846870358670427370e-01,8.238098428624555103e-01
-8.666529087026068057e-01,-5.760147177373451388e-01,8.142503885550855802e-01
-8.020291335677770528e-01,-6.037561871858291296e-01,8.167960711271599061e-01
-8.244331108701038469e-01,-5.984955108459845130e-01,8.178303242327708000e-01
-7.801036534127196997e-01,-6.278776949361699611e-01,8.331694115632408693e-01
-7.801182695589241600e-01,-6.036483892759771930e-01,8.429823043525844772e-01
-7.436126741916898597e-01,-6.061387154319318737e-01,8.097305042114368856e-01
-7.418838415096411509e-01,-6.416133274766450123e-01,7.747854913034378788e-01
-7.442936361218046581e-01,-6.524191663118621420e-01,8.223296435419844563e-01
-7.449566975760949505e-01,-6.904437875686836312e-01,8.254601380779813535e-01
-7.649166817096795246e-01,-6.447023083197257476e-01,8.037875126812092930e-01
-7.138500282474270486e-01,-6.793572055393369835e-01,8.262639943474662241e-01
-7.455656941172711383e-01,-6.837424531831212127e-01,8.200920767307514625e-01
-7.144144033325878773e-01,-7.354394057288385911e-01,8.048924023249328652e-01
-7.201957879767586501e-01,-6.825087370079343518e-01,8.531375209763411016e-01
-6.634853216098199891e-01,-7.434506770900967121e-01,8.109311433227690546e-01
-6.438906362423517660e-01,-7.028267164551323942e-01,8.025452378807770293e-01
-6.804665837301155928e-01,-7.185949627341001733e-01,7.723832842998159531e-01
-6.656407147300440474e-01,-7.750789395916367619e-01,7.794878613569841130e-01
-5.987210471954961255e-01,-7.565462202553578930e-01,8.061864238972353824e-01
-5.820737635002140031e-01,-7.510234645994370295e-01,8.193560375537266571e-01
-6.142698677538785956e-01,-7.396794219592000008e-01,8.421481762485314437e-01
-5.833919862701785197e-01,-7.721924835156298572e-01,8.325761412046429610e-01
-5.902928172372198246e-01,-8.145058190277763011e-01,8.528482413459574918e-01
-6.157589065645631132e-01,-8.329888928777119395e-01,8.629915139032534599e-01
-5.644872326998870982e-01,-7.944085976575218089e-01,8.650611499590359355e-01
-5.397741664717864429e-01,-8.575706682666668357e-01,8.223682789116963932e-01
-4.559653502220851196e-01,-8.028570400535802731e-01,8.342761093220936175e-01
-5.270083125684977832e-01,-8.563763005148914420e-01,8.385854218190833542e-01
-5.298289038492034475e-01,-8.652665780215696989e-01,8.676834112234016461e-01
-5.304814289994189691e-01,-8.537130267828031416e-01,8.702876609035025135e-01
-4.846766291047618358e-01,-8.388178149490148616e-01,8.182221172981490875e-01
-4.448784393588118280e-01,-8.977635101602359224e-01,8.293706703216268128e-01
-4.581524851873394200e-01,-8.788733321480217686e-01,8.604624192163820018e-01
-4.297181008867814733e-01,-9.388640476997710538e-01,8.502086900242118439e-01
-4.028931742396852922e-01,-9.159680749426198920e-01,8.892589958421581731e-01
-4.397971509829358139e-01,-9.740132779672612262e-01,8.234343771644000443e-01
-3.666111020314800073e-01,-9.501958383829328669e-01,8.182279962866620959e-01
-3.458368321459063255e-01,-9.169343773305462797e-01,8.545408659800408646e-01
-3.355611015258646579e-01,-9.455640702451436619e-01,8.362730617455748083e-01
-3.200869446896763004e-01,-9.747875431717846206e-01,7.919889642300212973e-01
-3.373534660159757115e-01,-9.212791075693547160e-01,8.551586733439684451e-01
-2.891264866122487676e-01,-1.002381006247342610e+00,8.579576781775600791e-01
-2.793942806788554112e-01,-9.899770264828288147e-01,8.733202038192017236e-01
-2.840972312877568795e-01,-8.803489362940729590e-01,7.961040913824755094e-01
-2.307435597181450027e-01,-9.741241849672764852e-01,8.118157650220939603e-01
-2.645028856186742994e-01,-9.608496189632845796e-01,8.816035622241281677e-01
-1.911859269120374516e-01,-9.351295934758792061e-01,8.311461108681043042e-01
-1.911516109219292547e-01,-9.653233205894592439e-01,8.404212850408612212e-01
-2.104332142589114274e-01,-9.970964266248792951e-01,8.595308567582781167e-01
-2.083818381863808411e-01,-1.008412759214498022e+00,8.721945514309329406e-01
-1.578460039351309019e-01,-9.895751254422254783e-01,8.963860037417512583e-01
-1.652937489106960645e-01,-9.951646871122848959e-01,8.793802391009557518e-01
-1.464413458211661356e-01,-9.875301639660714059e-01,7.985074629810271496e-01
-1.270080894322420106e-01,-1.039020413740797677e+00,8.333088610685079889e-01
-1.462999355929933132e-01,-1.020645057824989266e+00,8.519124400041623302e-01
-1.087429062343059222e-01,-9.782136088988447886e-01,8.730757172601670835e-01
-1.295982491471952269e-01,-9.946027717838271665e-01,8.768023616378454177e-01
-7.331378639047148038e-02,-9.994681995270596753e-01,8.747506729187820573e-01
-2.938880681687072033e-02,-1.039452273247892355e+00,8.647811486288519145e-01
5.526843970908155990e-03,-9.628665781378117350e-01,8.943096892445445700e-01
-3.833055275391005282e-03,-9.571245520771518578e-01,9.231064805833593123e-01
-5.298504449141393235e-03,-1.025026616991775441e+00,8.678652191380956671e-01
9.371089830819116784e-02,-1.040422535171595664e+00,8.639468643030024930e-01
-6.987466306466377786e-03,-9.963441020235701551e-01,8.462959256350878201e-01
4.239380388889073953e-02,-1.049324928611807595e+00,8.945438141880845961e-01
9.246500361713635985e-02,-1.008056010880333808e+00,8.763610616140991016e-01
7.237825761780368461e-02,-9.923914257068856548e-01,8.801159244570541107e-01
1.120993990377626703e-01,-9.638998992686718115e-01,8.613354664565274765e-01
9.993067303381658606e-02,-9.708821536493630333e-01,8.469002315437943462e-01
7.265905596509771025e-02,-9.864968005284797670e-01,8.976706099691108554e-01
1.204816836415759790e-01,-1.005213607276136623e+00,8.664811909802048184e-01
1.323046015498397787e-01,-9.700590919119005395e-01,8.568814024351408820e-01
1.633499953789302461e-01,-1.008782370926098348e+00,8.510384989937479494e-01
2.081476693641413633e-01,-9.960306670418908048e-01,8.947274238831151028e-01
1.621770547127212581e-01,-9.987234171355814372e-01,9.106343685590682080e-01
2.832904165794427609e-01,-1.027305607686350264e+00,8.871733091480754618e-01
2.424643013068882857e-01,-9.886649739721693475e-01,9.155497544237329866e-01
2.247129561651062257e-01,-9.650205287457269687e-01,8.813898718904015217e-01
2.937817396071363829e-01,-9.824489057935162917e-01,8.870355659232007639e-01
3.018582211881851163e-01,-9.872838232274953052e-01,8.991466853585193819e-01
2.454642195424781848e-01,-9.843480162070427086e-01,9.084890429397171063e-01
2.819432616758855703e-01,-9.656009895019564970e-01,9.126052173883980601e-01
3.074943863080856210e-01,-9.253433764036692599e-01,9.066943326077455678e-01
3.485430862377644212e-01,-9.093601774997635001e-01,9.106350793963092771e-01
3.917879302432334399e-01,-9.124513155554202504e-01,8.901151810427330169e-01
4.001210945068612856e-01,-9.235130487720419890e-01,8.946913654297211638e-01
3.885080771552456569e-01,-8.957250225418056377e-01,9.178808992797169442e-01
4.428623710950926329e-01,-8.902796695512779079e-01,9.208910371528085115e-01
3.837151855022387092e-01,-9.166332071983290808e-01,9.104860004796410111e-01
4.424835425465168393e-01,-8.889743351832237739e-01,9.142645085040226327e-01
4.417924131477760641e-01,-8.800402146299769468e-01,8.889721724005119619e-01
4.965382737961370752e-01,-9.444836582257177815e-01,9.499658637696182240e-01
4.655639614529871739e-01,-8.585152275655126841e-01,9.230355883136331929e-01
4.895155797497027783e-01,-8.626403332763405984e-01,9.357815658863739561e-01
4.858244206040803759e-01,-8.425672038780258610e-01,8.881466067995463787e-01
5.077865265915721960e-01,-8.398189486032798801e-01,9.430858456667778889e-01
5.333050998349753158e-01,-8.634636544491440802e-01,9.417992737709481865e-01
5.174825095650826823e-01,-7.997840249979788485e-01,9.177138640885420529e-01
5.082375602404634041e-01,-8.673307331387386521e-01,9.222782191304941257e-01
5.646848114215894388e-01,-7.769130045203805901e-01,8.955913035349447604e-01
5.750425126923582875e-01,-8.461905538622451761e-01,9.109353359895593361e-01
6.303068928826276451e-01,-8.390473931993942536e-01,9.400622381348453516e-01
6.096362355501481201e-01,-8.010046065870256582e-01,9.395683739699496329e-01
5.820565807723555585e-01,-7.480908726266738418e-01,9.771044116029181659e-01
6.255838555851035432e-01,-7.185714489635280922e-01,9.183588288212559680e-01
6.469135666279384189e-01,-7.342464054260012807e-01,9.180619351808427808e-01
6.129569947291703125e-01,-8.027186356359267139e-01,9.843698281059967137e-01
6.468569460024686801e-01,-7.556080075448663447e-01,9.036864718181595313e-01
6.967254577579896635e-01,-7.605100470879723185e-01,9.209837854167464144e-01
6.915344656965174419e-01,-7.571393110840825003e-01,9.303080586823025966e-01
7.313943026275790960e-01,-7.077671255267327100e-01,9.395405190182740673e-01
7.119586904156496310e-01,-7.178480953605738124e-01,9.889579079167842846e-01
6.964875229064998452e-01,-6.911586211278800684e-01,9.416430412143875772e-01
7.543662876521378680e-01,-6.567532457472989860e-01,9.390982531380916987e-01
7.465132675798767936e-01,-6.652136205824445980e-01,8.825149204846832740e-01
7.084886015804480186e-01,-6.776113227368052438e-01,9.279288294984106011e-01
7.288683599878670316e-01,-6.307679852743227622e-01,9.437342923308499332e-01
7.644186437172529880e-01,-6.705213433967738279e-01,9.437811164746974235e-01
7.120865238265814412e-01,-6.301093400565715985e-01,9.478139875991317131e-01
7.958943624488713509e-01,-6.539408399188988419e-01,9.532385516944046344e-01
7.723130395733512898e-01,-6.220407390185569430e-01,9.672212192596261193e-01
8.605543744852932608e-01,-5.870952993901329409e-01,9.288418681312181624e-01
8.225796515648702290e-01,-5.513887705248294857e-01,9.672217365392321575e-01
8.974813922949391731e-01,-5.811694969475329486e-01,9.589525960798540583e-01
8.753973322318790995e-01,-5.112613764388409532e-01,9.033455209022461796e-01
8.438618002515860805e-01,-4.980972648784416923e-01,1.029573532979039641e+00
8.704508551955423279e-01,-5.325825254692375665e-01,9.301399049672859354e-01
9.176845062799481312e-01,-4.908021857634033425e-01,9.355516417191289680e-01
8.630648585571791820e-01,-4.880137882133580574e-01,9.727382287980360642e-01
8.527773173630812664e-01,-4.981618727424378390e-01,9.172749116764375987e-01
9.103245950945536569e-01,-4.772881490998115428e-01,9.732408704267812016e-01
9.274581046851777533e-01,-4.488393748245972925e-01,9.595364245738687847e-01
9.027832221342494412e-01,-4.388195718022220304e-01,9.958777878982484344e-01
9.126176812600078625e-01,-4.403325052890973978e-01,9.920092840340941631e-01
9.429530319054444387e-01,-4.465507449451987521e-01,1.005780767145615373e+00
9.269675362986808942e-01,-3.903035585597566803e-01,9.934480916763983593e-01
9.090532905822181764e-01,-3.585030958900486397e-01,9.589833995514310816e-01
8.915228055668606988e-01,-3.943230136584957024e-01,9.846016722272998845e-01
9.108742541656325020e-01,-3.123292686273387297e-01,1.001918622017063054e+00
9.751605519600541339e-01,-3.359233282934710463e-01,9.791229847611606640e-01
9.151326130939341219e-01,-2.985991076896989949e-01,9.835235857450602692e-01
9.655814862515769148e-01,-2.658025307612569832e-01,9.593241194272532635e-01
9.524264258839130193e-01,-2.859634199364367024e-01,9.520694523655962582e-01
9.553515219798378588e-01,-2.666040617944206992e-01,9.690701998013822038e-01
9.982643161520206032e-01,-3.032040511200749244e-01,1.007710814086171025e+00
9.855751982690723612e-01,-2.636804105418307786e-01,9.561088336887046957e-01
9.185928523497297604e-01,-2.542617160980102931e-01,1.008262262063079895e+00
9.744086782765886134e-01,-1.883863063716106345e-01,9.664744308708659304e-01
9.974268306420270847e-01,-2.215617409369996793e-01,9.588007028876421867e-01
9.794772353996421543e-01,-2.047809738875820129e-01,9.451490538450213474e-01
9.803651700786017997e-01,-1.693942095638683309e-01,1.018978936923401690e+00
1.011843767519094106e+00,-1.251324672135237237e-01,1.006082354112600497e+00
9.985860196692490920e-01,-1.728049736769816935e-01,9.926052805212756125e-01
1.007502840424938428e+00,-8.786152198434774019e-02,1.007705899744551825e+00
1.025969735013482875e+00,-1.365149432839695698e-01,9.828116851895496442e-01
1.006635719677016372e+00,-6.425257795191102739e-02,9.887411386405343672e-01
9.947810486853707612e-01,-6.081668395933398363e-02,9.646747435792250025e-01
1.039521331582047514e+00,-8.556630455216500397e-02,9.454601097466911463e-01
9.991470023064955575e-01,-3.315007832417671274e-03,1.011386197873107795e+00
1.018896780807375446e+00,-3.038157208421788172e-02,9.935628293142595435e-01
9.599902634955973513e-01,-7.405920904456486653e-02,1.003815742676079648e+00
1.033887046671757792e+00,8.884752637934336533e-03,1.016099927049454177e+00
