1.000000000000000000e+00,0.000000000000000000e+00,0.000000000000000000e+00
9.998763234899836760e-01,1.572697441193230544e-02,1.251564455569461861e-03
9.995053245516928309e-01,3.145005870924784397e-02,2.503128911138923721e-03
9.988870949528354526e-01,4.716536373956144862e-02,3.754693366708385799e-03
9.980217876143697708e-01,6.286900227471312053e-02,5.006257822277847443e-03
9.969096165726791803e-01,7.855708997228570689e-02,6.257822277847309086e-03
9.955508569266297014e-01,9.422574633640867781e-02,7.509386733416771598e-03
9.939458447695233012e-01,1.098710956776104836e-01,8.760951188986234109e-03
9.920949771059642819e-01,1.254892680714821407e-01,1.001251564455569489e-02
9.899987117536587222e-01,1.410764003159146185e-01,1.126408010012515566e-02
9.876575672301723952e-01,1.566286368866736112e-01,1.251564455569461817e-02
9.850721226246735851e-01,1.721421308910750791e-01,1.376720901126407895e-02
9.822430174546935566e-01,1.876130450195258037e-01,1.501877346683354320e-02
9.791709515079399795e-01,2.030375524946933796e-01,1.627033792240300397e-02
9.758566846692027230e-01,2.184118380180713470e-01,1.752190237797246822e-02
9.723010367323934311e-01,2.337320987137046502e-01,1.877346683354192899e-02
9.685048871977673945e-01,2.489945450688425543e-01,2.002503128911138977e-02
9.644691750543765707e-01,2.641954018712859842e-01,2.127659574468085055e-02
9.601948985478075960e-01,2.793309091431978031e-01,2.252816020025031132e-02
9.556831149332628561e-01,2.943973230711446343e-01,2.377972465581977557e-02
9.509349402140451213e-01,3.093909169321402142e-01,2.503128911138923635e-02
9.459515488655108051e-01,3.243079820154619597e-01,2.628285356695869712e-02
9.407341735445599040e-01,3.391448285400114337e-01,2.753441802252815790e-02
9.352841047847348932e-01,3.538977865669931111e-01,2.878598247809762214e-02
9.296026906770027409e-01,3.685632069076845707e-01,3.003754693366708639e-02
9.236913365363011996e-01,3.831374620260744046e-01,3.128911138923654717e-02
9.175515045539293091e-01,3.976169469361444664e-01,3.254067584480600794e-02
9.111847134358703748e-01,4.119980800935736931e-01,3.379224030037546872e-02
9.045925380271355731e-01,4.262773042816440650e-01,3.504380475594493644e-02
8.977766089222205537e-01,4.404510874911289897e-01,3.629536921151439721e-02
8.907386120617740710e-01,4.545159237939463415e-01,3.754693366708385799e-02
8.834802883155742359e-01,4.684683342103602155e-01,3.879849812265331876e-02
8.760034330519202994e-01,4.823048675695175147e-01,4.005006257822277954e-02
8.683098956935418888e-01,4.960221013631050946e-01,4.130162703379224726e-02
8.604015792601393819e-01,5.096166425919174126e-01,4.255319148936170109e-02
8.522804398976659979e-01,5.230851286051257931e-01,4.380475594493116881e-02
8.439484863944690662e-01,5.364242279320393658e-01,4.505632040050062265e-02
8.354077796844104897e-01,5.496306411061554487e-01,4.630788485607009036e-02
8.266604323370881913e-01,5.627011014812912659e-01,4.755944931163955114e-02
8.177086080352857778e-01,5.756323760396000466e-01,4.881101376720901192e-02
8.085545210397790949e-01,5.884212661912666675e-01,5.006257822277847269e-02
7.992004356416320121e-01,6.010646085656895510e-01,5.131414267834794041e-02
7.896486656021176609e-01,6.135592757939488662e-01,5.256570713391739424e-02
7.799015735804016858e-01,6.259021772823715191e-01,5.381727158948686196e-02
7.699615705491325013e-01,6.380902599769983086e-01,5.506883604505631580e-02
7.598311151980787770e-01,6.501205091187663987e-01,5.632040050062578351e-02
7.495127133259660290e-01,6.619899489892185906e-01,5.757196495619524429e-02
7.390089172206590895e-01,6.736956436465572073e-01,5.882352941176470507e-02
7.283223250278465510e-01,6.852346976518569610e-01,6.007509386733417278e-02
7.174555801083812856e-01,6.966042567852611667e-01,6.132665832290363356e-02
7.064113703844367986e-01,7.078015087519820003e-01,6.257822277847309433e-02
6.951924276746422882e-01,7.188236838779292759e-01,6.382978723404254817e-02
6.838015270183585015e-01,7.296680557947984314e-01,6.508135168961201589e-02
6.722414859892639205e-01,7.403319421144451962e-01,6.633291614518148360e-02
6.605151639984184753e-01,7.508127050923834034e-01,6.758448060075093744e-02
6.486254615869807560e-01,7.611077522802380813e-01,6.883604505632040516e-02
6.365753197087492543e-01,7.712145371669958394e-01,7.008760951188987287e-02
6.243677190027095980e-01,7.811305598088923441e-01,7.133917396745932671e-02
6.120056790557636406e-01,7.908533674477802311e-01,7.259073842302879442e-02
5.994922576558261440e-01,8.003805551178267974e-01,7.384230287859824826e-02
5.868305500354711324e-01,8.097097662403895946e-01,7.509386733416771598e-02
5.740236881063175423e-01,8.188386932069228186e-01,7.634543178973716981e-02
5.610748396843404651e-01,8.277650779497717215e-01,7.759699624530663753e-02
5.479872077063031588e-01,8.364867125007120485e-01,7.884856070087609137e-02
5.347640294375003434e-01,8.450014395370982756e-01,8.010012515644555908e-02
5.214085756710112873e-01,8.533071529154828694e-01,8.135168961201501292e-02
5.079241499186589737e-01,8.614017981925784495e-01,8.260325406758449451e-02
4.943140875938769607e-01,8.692833731334292935e-01,8.385481852315394835e-02
4.805817551866838344e-01,8.769499282066715029e-01,8.510638297872340219e-02
4.667305494309726410e-01,8.843995670667542663e-01,8.635794743429285603e-02
4.527638964643180275e-01,8.916304470230075330e-01,8.760951188986233762e-02
4.386852509805113653e-01,8.986407794954365258e-01,8.886107634543179146e-02
4.244980953750308594e-01,9.054288304571327384e-01,9.011264080100124529e-02
4.102059388836611920e-01,9.119929208631907258e-01,9.136420525657071301e-02
3.958123167144731447e-01,9.183314270660247747e-01,9.261576971214018072e-02
3.813207891733798038e-01,9.244427812169830894e-01,9.386733416770963456e-02
3.667349407834831765e-01,9.303254716541599079e-01,9.511889862327910228e-02
3.520583793984322640e-01,9.359780432763097346e-01,9.637046307884855612e-02
3.372947353100090861e-01,9.413990979027709871e-01,9.762202753441802383e-02
3.224476603501660876e-01,9.465872946193097937e-01,9.887359198998749155e-02
3.075208269877329759e-01,9.515413501097998994e-01,1.001251564455569454e-01
2.925179274200213064e-01,9.562600389736544138e-01,1.013767209011264131e-01
2.774426726595488057e-01,9.607421940289322393e-01,1.026282853566958808e-01
2.622987916161079736e-01,9.649867066010441308e-01,1.038798498122653347e-01
2.470900301744100025e-01,9.689925267969867750e-01,1.051314142678347885e-01
2.318201502675281966e-01,9.727586637650371681e-01,1.063829787234042701e-01
2.164929289463735085e-01,9.762841859398422306e-01,1.076345431789737239e-01
2.011121574454281802e-01,9.795682212728449301e-01,1.088861076345431778e-01
1.856816402449734671e-01,9.826099574479877363e-01,1.101376720901126316e-01
1.702051941300392890e-01,9.854086420826415615e-01,1.113892365456821132e-01
1.546866472463120368e-01,9.879635829137098924e-01,1.126408010012515670e-01
1.391298381532296569e-01,9.902741479688622617e-01,1.138923654568210209e-01
1.235386148745034190e-01,9.923397657228542057e-01,1.151439299123904886e-01
1.079168339462970999e-01,9.941599252388960695e-01,1.163954943679599563e-01
9.226835946330201599e-02,9.957341762950344677e-01,1.176470588235294101e-01
7.659706212294022099e-02,9.970621294955166469e-01,1.188986232790988778e-01
6.090681826793645920e-02,9.981434563671078841e-01,1.201501877346683456e-01
4.520150892749376370e-02,9.989778894403407161e-01,1.214017521902377994e-01
2.948501885730781327e-02,9.995652223156746841e-01,1.226533166458072671e-01
1.376123557866179049e-02,9.999053097145491620e-01,1.239048811013767210e-01
-1.965951583164217073e-03,9.999980675153190557e-01,1.251564455569461887e-01
-1.769265246092866992e-02,9.998434727740621586e-01,1.264080100125156425e-01
-3.341497700767451923e-02,9.994415637302546118e-01,1.276595744680850963e-01
-4.912903625894320114e-02,9.987924397973121371e-01,1.289111389236545779e-01
-6.483094329472216533e-02,9.978962615380000400e-01,1.301627033792240318e-01
-8.051681420088538377e-02,9.967532506247170909e-01,1.314142678347934856e-01
-9.618276902989258970e-02,9.953636897846647180e-01,1.326658322903629672e-01
-1.118249327605051607e-01,9.937279227299132822e-01,1.339173967459324210e-01
-1.274394362562846772e-01,9.918463540723837513e-01,1.351689612015018749e-01
-1.430224172226347290e-01,9.897194492237659791e-01,1.364205256570713565e-01
-1.585700211621523803e-01,9.873477342803975709e-01,1.376720901126408103e-01
-1.740784023280489146e-01,9.847317958931325332e-01,1.389236545682102641e-01
-1.895437246754073657e-01,9.818722811222310165e-01,1.401752190237797457e-01
-2.049621628100388726e-01,9.787698972773075656e-01,1.414267834793491996e-01
-2.203299029347068894e-01,9.754254117423754034e-01,1.426783479349186534e-01
-2.356431437924807193e-01,9.718396517860321548e-01,1.439299123904881350e-01
-2.508980976069872804e-01,9.680135043568321995e-01,1.451814768460575888e-01
-2.660909910193302585e-01,9.639479158638970535e-01,1.464330413016270427e-01
-2.812180660214411154e-01,9.596438919428187386e-01,1.476846057571964965e-01
-2.962755808856340489e-01,9.551024972069124264e-01,1.489361702127659781e-01
-3.112598110901327320e-01,9.503248549838811954e-01,1.501877346683354320e-01
-3.261670502403434813e-01,9.453121470379576285e-01,1.514392991239048858e-01
-3.409936109856421260e-01,9.400656132775906393e-01,1.526908635794743396e-01
-3.557358259314518101e-01,9.345865514487504688e-01,1.539424280350438212e-01
-3.703900485463832992e-01,9.288763168139274606e-01,1.551939924906132751e-01
-3.849526540642168038e-01,9.229363218169037708e-01,1.564455569461827289e-01
-3.994200403804979427e-01,9.167680357333808372e-01,1.576971214017521827e-01
-4.137886289435295795e-01,9.103729843075496486e-01,1.589486858573216643e-01
-4.280548656395365970e-01,9.037527493746938534e-01,1.602002503128911182e-01
-4.422152216717882278e-01,8.969089684699173004e-01,1.614518147684605998e-01
-4.562661944334545083e-01,8.898433344230955999e-01,1.627033792240300258e-01
-4.702043083739891882e-01,8.825575949401480713e-01,1.639549436795995074e-01
-4.840261158588152202e-01,8.750535521707393238e-01,1.652065081351689890e-01
-4.977281980221084923e-01,8.673330622625109454e-01,1.664580725907384151e-01
-5.113071656124659192e-01,8.593980349019576526e-01,1.677096370463078967e-01
-5.247596598312443961e-01,8.512504328420612554e-01,1.689612015018773228e-01
-5.380823531633726065e-01,8.428922714167971231e-01,1.702127659574468044e-01
-5.512719502004196359e-01,8.343256180426357194e-01,1.714643304130162860e-01
-5.643251884557247688e-01,8.255525917071611097e-01,1.727158948685857121e-01
-5.772388391713852984e-01,8.165753624449316739e-01,1.739674593241551936e-01
-5.900097081168966806e-01,8.073961508007171384e-01,1.752190237797246752e-01
-6.026346363792562943e-01,7.980172272802396050e-01,1.764705882352941013e-01
-6.151105011443315229e-01,7.884409117885559093e-01,1.777221526908635829e-01
-6.274342164692945367e-01,7.786695730562240847e-01,1.789737171464330368e-01
-6.396027340459424781e-01,7.687056280533891561e-01,1.802252816020024906e-01
-6.516130439547028752e-01,7.585515413919389216e-01,1.814768460575719722e-01
-6.634621754091479806e-01,7.482098247158752713e-01,1.827284105131414260e-01
-6.751471974908286322e-01,7.376830360800498143e-01,1.839799749687108799e-01
-6.866652198742432267e-01,7.269737793174230189e-01,1.852315394242803614e-01
-6.980133935417701663e-01,7.160847033949977458e-01,1.864831038798498153e-01
-7.091889114883815903e-01,7.050185017585881564e-01,1.877346683354192691e-01
-7.201890094159627553e-01,6.937779116665896417e-01,1.889862327909887507e-01
-7.310109664170701960e-01,6.823657135129088669e-01,1.902377972465582046e-01
-7.416521056479575824e-01,6.707847301392234618e-01,1.914893617021276584e-01
-7.521097949906990765e-01,6.590378261367466628e-01,1.927409261576971122e-01
-7.623814477042537563e-01,6.471279071376587755e-01,1.939924906132665938e-01
-7.724645230643018001e-01,6.350579190963929754e-01,1.952440550688360477e-01
-7.823565269917015508e-01,6.228308475609433126e-01,1.964956195244055015e-01
-7.920550126694078097e-01,6.104497169343795493e-01,1.977471839799749831e-01
-8.015575811476983725e-01,5.979175897267540174e-01,1.989987484355444369e-01
-8.108618819375615905e-01,5.852375657975792400e-01,2.002503128911138908e-01
-8.199656135920984079e-01,5.724127815890674986e-01,2.015018773466833724e-01
-8.288665242757903284e-01,5.594464093503244140e-01,2.027534418022528262e-01
-8.375624123214983063e-01,5.463416563526823921e-01,2.040050062578222800e-01
-8.460511267750528974e-01,5.331017640963715554e-01,2.052565707133917616e-01
-8.543305679272974462e-01,5.197300075087269988e-01,2.065081351689611877e-01
-8.623986878334590767e-01,5.062296941341232204e-01,2.077596996245306693e-01
-8.702534908197129271e-01,4.926041633158451116e-01,2.090112640801001509e-01
-8.778930339768182822e-01,4.788567853700905208e-01,2.102628285356695770e-01
-8.853154276407040335e-01,4.649909607523111110e-01,2.115143929912390586e-01
-8.925188358598812322e-01,4.510101192161017347e-01,2.127659574468085402e-01
-8.995014768495723789e-01,4.369177189648392745e-01,2.140175219023779662e-01
-9.062616234324409881e-01,4.227172457962847241e-01,2.152690863579474478e-01
-9.127976034658136228e-01,4.084122122403629485e-01,2.165206508135168739e-01
-9.191078002552905968e-01,3.940061566903248491e-01,2.177722152690863555e-01
-9.251906529546387592e-01,3.795026425275179749e-01,2.190237797246558371e-01
-9.310446569518725513e-01,3.649052572399718586e-01,2.202753441802252632e-01
-9.366683642414239674e-01,3.502176115350212893e-01,2.215269086357947448e-01
-9.420603837823112725e-01,3.354433384461888434e-01,2.227784730913642264e-01
-9.472193818422166567e-01,3.205860924345423357e-01,2.240300375469336525e-01
-9.521440823273900067e-01,3.056495484847511768e-01,2.252816020025031341e-01
-9.568332670982934163e-01,2.906374011960707326e-01,2.265331664580726156e-01
-9.612857762709122733e-01,2.755533638684704023e-01,2.277847309136420417e-01
-9.655005085036560963e-01,2.604011675841366169e-01,2.290362953692115233e-01
-9.694764212697782879e-01,2.451845602845812711e-01,2.302878598247809772e-01
-9.732125311152489688e-01,2.299073058435737171e-01,2.315394242803504310e-01
-9.767079139020147238e-01,2.145731831361381570e-01,2.327909887359199126e-01
-9.799617050365867499e-01,1.991859851038362828e-01,2.340425531914893664e-01
-9.829730996839017854e-01,1.837495178165703680e-01,2.352941176470588203e-01
-9.857413529663990870e-01,1.682675995311429529e-01,2.365456821026283019e-01
-9.882657801482688242e-01,1.527440597467983052e-01,2.377972465581977557e-01
-9.905457568048241512e-01,1.371827382579828003e-01,2.390488110137672095e-01
-9.925807189769531025e-01,1.215874842045628068e-01,2.403003754693366911e-01
-9.943701633106168947e-01,1.059621551197270778e-01,2.415519399249061450e-01
-9.959136471813554436e-01,9.031061597581287181e-02,2.428035043804755988e-01
-9.972107888037717860e-01,7.463673822829648696e-02,2.440550688360450526e-01
-9.982612673259684266e-01,5.894439885817349262e-02,2.453066332916145342e-01
-9.990648229089102994e-01,4.323747941297891723e-02,2.465581977471839881e-01
-9.996212567906971325e-01,2.751986504667338490e-02,2.478097622027534419e-01
-9.999304313357280094e-01,1.179544355863722076e-02,2.490613266583229235e-01
-9.999922700687453592e-01,-3.931895567985798506e-03,2.503128911138923773e-01
-9.998067576937518242e-01,-1.965826212836517886e-02,2.515644555694618312e-01
-9.993739400977935672e-01,-3.537976615823895665e-02,2.528160200250312850e-01
-9.986939243396102395e-01,-5.109251889610499919e-02,2.540675844806007388e-01
-9.977668786231531639e-01,-6.679263374512145468e-02,2.553191489361701927e-01
-9.965930322559800603e-01,-8.247622723446512705e-02,2.565707133917397020e-01
-9.951726755925348611e-01,-9.813941997992099708e-02,2.578222778473091559e-01
-9.935061599623278283e-01,-1.137783376434610139e-01,2.590738423028786097e-01
-9.915938975830330682e-01,-1.293891118915706240e-01,2.603254067584480635e-01
-9.894363614585250932e-01,-1.449678813520940690e-01,2.615769712140175174e-01
-9.870340852618801897e-01,-1.605107925693577686e-01,2.628285356695869712e-01
-9.843876632033705665e-01,-1.760140009573316067e-01,2.640801001251564806e-01
-9.814977498834847047e-01,-1.914736717506001495e-01,2.653316645807259344e-01
-9.783650601310097672e-01,-2.068859809529048632e-01,2.665832290362953882e-01
-9.749903688262170354e-01,-2.222471162830180480e-01,2.678347934918648421e-01
-9.713745107091922293e-01,-2.375532781177254749e-01,2.690863579474342959e-01
-9.675183801733606703e-01,-2.528006804316718092e-01,2.703379224030037498e-01
-9.634229310442562477e-01,-2.679855517338466386e-01,2.715894868585732036e-01
-9.590891763435891448e-01,-2.831041360004754037e-01,2.728410513141427129e-01
-9.545181880386728324e-01,-2.981526936040806430e-01,2.740926157697121668e-01
-9.497110967772690593e-01,-3.131275022384916729e-01,2.753441802252816206e-01
-9.446690916079187872e-01,-3.280248578395690839e-01,2.765957446808510745e-01
-9.393934196858279018e-01,-3.428410755014136835e-01,2.778473091364205283e-01
-9.338853859643786448e-01,-3.575724903878421679e-01,2.790988735919899821e-01
-9.281463528723467027e-01,-3.722154586388926045e-01,2.803504380475594915e-01
-9.221777399768996686e-01,-3.867663582721454496e-01,2.816020025031288898e-01
-9.159810236324622545e-01,-4.012215900786330613e-01,2.828535669586983992e-01
-9.095577366155366272e-01,-4.155775785131123334e-01,2.841051314142678530e-01
-9.029094677455652418e-01,-4.298307725784881739e-01,2.853566958698373068e-01
-8.960378614919307649e-01,-4.439776467041641195e-01,2.866082603254067607e-01
-8.889446175671924522e-01,-4.580147016181007613e-01,2.878598247809762700e-01
-8.816314905066574559e-01,-4.719384652123723711e-01,2.891113892365456683e-01
-8.741002892343894271e-01,-4.857454934020045134e-01,2.903629536921151777e-01
-8.663528766157679861e-01,-4.994323709768759834e-01,2.916145181476845760e-01
-8.583911689967014258e-01,-5.129957124464846752e-01,2.928660826032540854e-01
-8.502171357296141041e-01,-5.264321628773558359e-01,2.941176470588235392e-01
-8.418327986863207713e-01,-5.397383987228966395e-01,2.953692115143929930e-01
-8.332402317579095108e-01,-5.529111286454859719e-01,2.966207759699624469e-01
-8.244415603417601934e-01,-5.659470943305953128e-01,2.978723404255319562e-01
-8.154389608158202352e-01,-5.788430712927427058e-01,2.991239048811013546e-01
-8.062346600002697761e-01,-5.915958696730813093e-01,3.003754693366708639e-01
-7.968309346067132815e-01,-6.042023350284173588e-01,3.016270337922403177e-01
-7.872301106750264621e-01,-6.166593491114730208e-01,3.028785982478097716e-01
-7.774345629980033978e-01,-6.289638306421948544e-01,3.041301627033792254e-01
-7.674467145339451957e-01,-6.411127360699155897e-01,3.053817271589486793e-01
-7.572690358073325134e-01,-6.531030603261884782e-01,3.066332916145181331e-01
-7.469040442977356031e-01,-6.649318375680970394e-01,3.078848560700876424e-01
-7.363543038171074251e-01,-6.765961419118668996e-01,3.091364205256570408e-01
-7.256224238756155964e-01,-6.880930881565926471e-01,3.103879849812265501e-01
-7.147110590361747118e-01,-6.994198324978992964e-01,3.116395494367960040e-01
-7.036229082578308036e-01,-7.105735732313664954e-01,3.128911138923654578e-01
-6.923607142281648086e-01,-7.215515514455398405e-01,3.141426783479349116e-01
-6.809272626848827947e-01,-7.323510517043534396e-01,3.153942428035043655e-01
-6.693253817267527106e-01,-7.429694027188042948e-01,3.166458072590738193e-01
-6.575579411140679564e-01,-7.534039780077006476e-01,3.178973717146433287e-01
-6.456278515588025346e-01,-7.636521965473318518e-01,3.191489361702127825e-01
-6.335380640046365253e-01,-7.737115234098927985e-01,3.204005006257822363e-01
-6.212915688970331862e-01,-7.835794703905042402e-01,3.216520650813516902e-01
-6.088913954435424269e-01,-7.932535966226788027e-01,3.229036295369211995e-01
-5.963406108645173953e-01,-8.027315091820765858e-01,3.241551939924905978e-01
-5.836423196344262543e-01,-8.120108636784031386e-01,3.254067584480600517e-01
-5.707996627139545476e-01,-8.210893648352995955e-01,3.266583229036295610e-01
-5.578158167730769001e-01,-8.299647670580873049e-01,3.279098873591990149e-01
-5.446939934052984489e-01,-8.386348749892224008e-01,3.291614518147684687e-01
-5.314374383332575169e-01,-8.470975440513242027e-01,3.304130162703379781e-01
-5.180494306058871512e-01,-8.553506809776421083e-01,3.316645807259073764e-01
-5.045332817873294795e-01,-8.633922443298336358e-01,3.329161451814768302e-01
-4.908923351378147171e-01,-8.712202450029173928e-01,3.341677096370463396e-01
-4.771299647866926730e-01,-8.788327467172860619e-01,3.354192740926157934e-01
-4.632495748978325278e-01,-8.862278664976505071e-01,3.366708385481852472e-01
-4.492545988275933877e-01,-8.934037751387992055e-01,3.379224030037546456e-01
-4.351484982755697839e-01,-9.003586976580592038e-01,3.391739674593241549e-01
-4.209347624283351075e-01,-9.070909137343406980e-01,3.404255319148936088e-01
-4.066169070963769894e-01,-9.135987581336657559e-01,3.416770963704631181e-01
-3.921984738444522223e-01,-9.198806211210683870e-01,3.429286608260325719e-01
-3.776830291155697794e-01,-9.259349488587671484e-01,3.441802252816020258e-01
-3.630741633488213660e-01,-9.317602437905114776e-01,3.454317897371714241e-01
-3.483754900912719443e-01,-9.373550650120081595e-01,3.466833541927409335e-01
-3.335906451041430465e-01,-9.427180286273312282e-01,3.479349186483103873e-01
-3.187232854634930446e-01,-9.478478080912340342e-01,3.491864831038798966e-01
-3.037770886556288574e-01,-9.527431345372739946e-01,3.504380475594493505e-01
-2.887557516674698066e-01,-9.574027970916705321e-01,3.516896120150187488e-01
-2.736629900720831121e-01,-9.618256431728190448e-01,3.529411764705882026e-01
-2.585025371096309477e-01,-9.660105787763837437e-01,3.541927409261577120e-01
-2.432781427639386096e-01,-9.699565687459045238e-01,3.554443053817271658e-01
-2.279935728349256341e-01,-9.736626370288455901e-01,3.566958698372966752e-01
-2.126526080071247937e-01,-9.771278669180242238e-01,3.579474342928660735e-01
-1.972590429145146540e-01,-9.803514012783628440e-01,3.591989987484355273e-01
-1.818166852019108826e-01,-9.833324427589019701e-01,3.604505632040049812e-01
-1.663293545831300568e-01,-9.860702539900285668e-01,3.617021276595744905e-01
-1.508008818961730224e-01,-9.885641577658662582e-01,3.629536921151439444e-01
-1.352351081556553425e-01,-9.908135372117844453e-01,3.642052565707134537e-01
-1.196358836027218292e-01,-9.928178359369839168e-01,3.654568210262828520e-01
-1.040070667526740017e-01,-9.945765581721222048e-01,3.667083854818523059e-01
-8.835252344056016005e-02,-9.960892688919428251e-01,3.679599499374217597e-01
-7.267612586494578975e-02,-9.973555939228809786e-01,3.692115143929912691e-01
-5.698175163011444389e-02,-9.983752200356156292e-01,3.704630788485607229e-01
-4.127328278693152830e-02,-9.991478950225486377e-01,3.717146433041301212e-01
-2.555460487260370617e-02,-9.996734277601886376e-01,3.729662077596996306e-01
-9.829605949584907174e-03,-9.999516882564256637e-01,3.742177722152690844e-01
5.897824356151253750e-03,-9.999826076826856536e-01,3.754693366708385383e-01
2.162379581722129879e-02,-9.997661783909551625e-01,3.767209011264080476e-01
3.734441856709138502e-02,-9.993024539156730723e-01,3.779724655819775014e-01
5.305580406224664342e-02,-9.985915489604888506e-01,3.792240300375468998e-01
6.875406604403773436e-02,-9.976336393698901350e-01,3.804755944931164091e-01
8.443532149995329472e-02,-9.964289620857070817e-01,3.817271589486858629e-01
1.000956916240984262e-01,-9.949778150885040251e-01,3.829787234042553168e-01
1.157313027766280616e-01,-9.932805573238733254e-01,3.842302878598248261e-01
1.313382874419027069e-01,-9.913376086136489462e-01,3.854818523153942245e-01
1.469127851851335376e-01,-9.891494495520617436e-01,3.867334167709636783e-01
1.624509436072674173e-01,-9.867166213868642233e-01,3.879849812265331876e-01
1.779489192978928880e-01,-9.840397258854501894e-01,3.892365456821026415e-01
1.934028787859184695e-01,-9.811194251860062554e-01,3.904881101376720953e-01
2.088089994877933009e-01,-9.779564416337297450e-01,3.917396745932416047e-01
2.241634706530339916e-01,-9.745515576021549498e-01,3.929912390488110030e-01
2.394624943068285050e-01,-9.709056152996294875e-01,3.942428035043804568e-01
2.547022861894716605e-01,-9.670195165609929422e-01,3.954943679599499662e-01
2.698790766924165641e-01,-9.628942226245044145e-01,3.967459324155194200e-01
2.849891117906980242e-01,-9.585307538940777139e-01,3.979974968710888739e-01
3.000286539715007472e-01,-9.539301896868813690e-01,3.992490613266583277e-01
3.149939831586481276e-01,-9.490936679663652953e-01,4.005006257822277815e-01
3.298813976327690245e-01,-9.440223850607838418e-01,4.017521902377972354e-01
3.446872149469329405e-01,-9.387175953672791673e-01,4.030037546933667447e-01
3.594077728375130176e-01,-9.331806110416025479e-01,4.042553191489361986e-01
3.740394301300585256e-01,-9.274128016735487812e-01,4.055068836045056524e-01
3.885785676399491906e-01,-9.214155939481843971e-01,4.067584480600751062e-01
4.030215890676149826e-01,-9.151904712929513908e-01,4.080100125156445601e-01
4.173649218880865486e-01,-9.087389735107389566e-01,4.092615769712140139e-01
4.316050182346733433e-01,-9.020626963990071578e-01,4.105131414267835233e-01
4.457383557765385307e-01,-8.951632913550622295e-01,4.117647058823529771e-01
4.597614385899571610e-01,-8.880424649675785487e-01,4.130162703379223754e-01
4.736707980230467907e-01,-8.807019785944675272e-01,4.142678347934918848e-01
4.874629935537441172e-01,-8.731436479272024487e-01,4.155193992490613386e-01
5.011346136408317831e-01,-8.653693425417000595e-01,4.167709637046307924e-01
5.146822765677924183e-01,-8.573809854358763749e-01,4.180225281602003018e-01
5.281026312792859168e-01,-8.491805525539869448e-01,4.192740926157697001e-01
5.413923582100461651e-01,-8.407700722978697083e-01,4.205256570713391540e-01
5.545481701059803425e-01,-8.321516250252165570e-01,4.217772215269086633e-01
5.675668128372852728e-01,-8.233273425349882935e-01,4.230287859824781171e-01
5.804450662033646680e-01,-8.142994075401084331e-01,4.242803504380475710e-01
5.931797447293554182e-01,-8.050700531275627458e-01,4.255319148936170803e-01
6.057676984540645293e-01,-7.956415622060385440e-01,4.267834793491864787e-01
6.182058137091234196e-01,-7.860162669412387171e-01,4.280350438047559325e-01
6.304910138891596239e-01,-7.761965481790160659e-01,4.292866082603254418e-01
6.426202602128068264e-01,-7.661848348564623823e-01,4.305381727158948957e-01
6.545905524743561577e-01,-7.559836034011035988e-01,4.317897371714643495e-01
6.663989297858654570e-01,-7.455953771183490009e-01,4.330413016270337478e-01
6.780424713095463130e-01,-7.350227255673412730e-01,4.342928660826032572e-01
6.895182969802383655e-01,-7.242682639253716914e-01,4.355444305381727110e-01
7.008235682178044490e-01,-7.133346523410063478e-01,4.367959949937421649e-01
7.119554886292618345e-01,-7.022245952760903798e-01,4.380475594493116742e-01
7.229113047004779302e-01,-6.909408408367917476e-01,4.392991239048811281e-01
7.336883064772599106e-01,-6.794861800938488683e-01,4.405506883604505264e-01
7.442838282356726287e-01,-6.678634463921885311e-01,4.418022528160200357e-01
7.546952491414098407e-01,-6.560755146500937274e-01,4.430538172715894896e-01
7.649199938980675295e-01,-6.441253006480806009e-01,4.443053817271589434e-01
7.749555333841512406e-01,-6.320157603076728137e-01,4.455569461827284528e-01
7.847993852786606661e-01,-6.197498889602452987e-01,4.468085106382978511e-01
7.944491146751021526e-01,-6.073307206061178132e-01,4.480600750938673049e-01
8.039023346837664841e-01,-5.947613271640898036e-01,4.493116395494368143e-01
8.131567070221354943e-01,-5.820448177115891131e-01,4.505632040050062681e-01
8.222099425932626326e-01,-5.691843377156330375e-01,4.518147684605757219e-01
8.310598020519883722e-01,-5.561830682547876936e-01,4.530663329161452313e-01
8.397040963588484619e-01,-5.430442252323192109e-01,4.543178973717146296e-01
8.481406873215406872e-01,-5.297710585807274830e-01,4.555694618272840835e-01
8.563674881238113601e-01,-5.163668514578698687e-01,4.568210262828535928e-01
8.643824638416367501e-01,-5.028349194348593620e-01,4.580725907384230466e-01
8.721836319465676723e-01,-4.891786096759486724e-01,4.593241551939925005e-01
8.797690627961131105e-01,-4.754013001106001113e-01,4.605757196495619543e-01
8.871368801110449676e-01,-4.615063985979409034e-01,4.618272841051314082e-01
8.942852614394989352e-01,-4.474973420838240790e-01,4.630788485607008620e-01
9.012124386077651206e-01,-4.333775957506862397e-01,4.643304130162703713e-01
9.079166981576506368e-01,-4.191506521604249080e-01,4.655819774718398252e-01
9.143963817703086860e-01,-4.048200303905030717e-01,4.668335419274092790e-01
9.206498866764286637e-01,-3.903892751634951974e-01,4.680851063829787329e-01
9.266756660526866973e-01,-3.758619559702864321e-01,4.693366708385481867e-01
9.324722294043558124e-01,-3.612416661871530321e-01,4.705882352941176405e-01
9.380381429339851307e-01,-3.465320221869265804e-01,4.718397997496871499e-01
9.433720298960538431e-01,-3.317366624444741396e-01,4.730913642052566037e-01
9.484725709375130265e-01,-3.168592466367113336e-01,4.743429286608260020e-01
9.533385044241330375e-01,-3.019034547373668498e-01,4.755944931163955114e-01
9.579686267525702181e-01,-2.868729861067347287e-01,4.768460575719649652e-01
9.623617926480835250e-01,-2.717715585766233288e-01,4.780976220275344191e-01
9.665169154478213676e-01,-2.566029075307389995e-01,4.793491864831039284e-01
9.704329673696103775e-01,-2.413707849807277539e-01,4.806007509386733823e-01
9.741089797661810490e-01,-2.260789586381047322e-01,4.818523153942427806e-01
9.775440433647657468e-01,-2.107312109822958579e-01,4.831038798498122899e-01
9.807373084920092410e-01,-1.953313383250353807e-01,4.843554443053817438e-01
9.836879852841384775e-01,-1.798831498713331645e-01,4.856070087609511976e-01
9.863953438823378495e-01,-1.643904667772572714e-01,4.868585732165207069e-01
9.888587146132814532e-01,-1.488571212047603287e-01,4.881101376720901053e-01
9.910774881547800286e-01,-1.332869553737791313e-01,4.893617021276595591e-01
9.930511156864970657e-01,-1.176838206118552693e-01,4.906132665832290685e-01
9.947791090257022129e-01,-1.020515764014940790e-01,4.918648310387985223e-01
9.962610407480244623e-01,-8.639408942551086990e-02,4.931163954943679761e-01
9.974965442931765791e-01,-7.071523261059617371e-02,4.943679599499373745e-01
9.984853140556257944e-01,-5.501888416933205239e-02,4.956195244055068838e-01
9.992271054601848945e-01,-3.930892664090981231e-02,4.968710888610763377e-01
9.997217350225100496e-01,-2.358924593076869997e-02,4.981226533166458470e-01
9.999690803944849549e-01,-7.863730349406315712e-03,4.993742177722153008e-01
9.999690803944849549e-01,7.863730349406714698e-03,5.006257822277847547e-01
9.997217350225100496e-01,2.358924593076821077e-02,5.018773466833541530e-01
9.992271054601850055e-01,3.930892664090931965e-02,5.031289111389236623e-01
9.984853140556257944e-01,5.501888416933155973e-02,5.043804755944931717e-01
9.974965442931766901e-01,7.071523261059568799e-02,5.056320400500625700e-01
9.962610407480244623e-01,8.639408942551127235e-02,5.068836045056320794e-01
9.947791090257023239e-01,1.020515764014935933e-01,5.081351689612014777e-01
9.930511156864971767e-01,1.176838206118547836e-01,5.093867334167709870e-01
9.910774881547801396e-01,1.332869553737786594e-01,5.106382978723403854e-01
9.888587146132815642e-01,1.488571212047598569e-01,5.118898623279098947e-01
9.863953438823377384e-01,1.643904667772576877e-01,5.131414267834794041e-01
9.836879852841384775e-01,1.798831498713335530e-01,5.143929912390488024e-01
9.807373084920093520e-01,1.953313383250349089e-01,5.156445556946183117e-01
9.775440433647658578e-01,2.107312109822953861e-01,5.168961201501877101e-01
9.741089797661811600e-01,2.260789586381042604e-01,5.181476846057572194e-01
9.704329673696102665e-01,2.413707849807281425e-01,5.193992490613267288e-01
9.665169154478212565e-01,2.566029075307393881e-01,5.206508135168961271e-01
9.623617926480837470e-01,2.717715585766228292e-01,5.219023779724655254e-01
9.579686267525703292e-01,2.868729861067342846e-01,5.231539424280350348e-01
9.533385044241331485e-01,3.019034547373663502e-01,5.244055068836045441e-01
9.484725709375132485e-01,3.168592466367108895e-01,5.256570713391739424e-01
9.433720298960536210e-01,3.317366624444745282e-01,5.269086357947434518e-01
9.380381429339849086e-01,3.465320221869269690e-01,5.281602002503129611e-01
9.324722294043559234e-01,3.612416661871525325e-01,5.294117647058823595e-01
9.266756660526868083e-01,3.758619559702859880e-01,5.306633291614518688e-01
9.206498866764287747e-01,3.903892751634947533e-01,5.319148936170212671e-01
9.143963817703085750e-01,4.048200303905034048e-01,5.331664580725907765e-01
9.079166981576504147e-01,4.191506521604252966e-01,5.344180225281602858e-01
9.012124386077653426e-01,4.333775957506857957e-01,5.356695869837296842e-01
8.942852614394991573e-01,4.474973420838236349e-01,5.369211514392990825e-01
8.871368801110451896e-01,4.615063985979404593e-01,5.381727158948685918e-01
8.797690627961133325e-01,4.754013001105996672e-01,5.394242803504381012e-01
8.721836319465674503e-01,4.891786096759490610e-01,5.406758448060074995e-01
8.643824638416366390e-01,5.028349194348596951e-01,5.419274092615770089e-01
8.563674881238115821e-01,5.163668514578694246e-01,5.431789737171464072e-01
8.481406873215409092e-01,5.297710585807270389e-01,5.444305381727159165e-01
8.397040963588486839e-01,5.430442252323187668e-01,5.456821026282854259e-01
8.310598020519882612e-01,5.561830682547880267e-01,5.469336670838548242e-01
8.222099425932624106e-01,5.691843377156333705e-01,5.481852315394243336e-01
8.131567070221357163e-01,5.820448177115886690e-01,5.494367959949937319e-01
8.039023346837668171e-01,5.947613271640893595e-01,5.506883604505632412e-01
7.944491146751024857e-01,6.073307206061174801e-01,5.519399249061326396e-01
7.847993852786609992e-01,6.197498889602448546e-01,5.531914893617021489e-01
7.749555333841509075e-01,6.320157603076731467e-01,5.544430538172716583e-01
7.649199938980678626e-01,6.441253006480802679e-01,5.556946182728410566e-01
7.546952491414101738e-01,6.560755146500932833e-01,5.569461827284104549e-01
7.442838282356729618e-01,6.678634463921881981e-01,5.581977471839799643e-01
7.336883064772602436e-01,6.794861800938484242e-01,5.594493116395494736e-01
7.229113047004775972e-01,6.909408408367920806e-01,5.607008760951189830e-01
7.119554886292615015e-01,7.022245952760907128e-01,5.619524405506883813e-01
7.008235682178047821e-01,7.133346523410060147e-01,5.632040050062577796e-01
6.895182969802386985e-01,7.242682639253713583e-01,5.644555694618272890e-01
6.780424713095466460e-01,7.350227255673409399e-01,5.657071339173967983e-01
6.663989297858657901e-01,7.455953771183487788e-01,5.669586983729661966e-01
6.545905524743558246e-01,7.559836034011039319e-01,5.682102628285357060e-01
6.426202602128071595e-01,7.661848348564620492e-01,5.694618272841051043e-01
6.304910138891599569e-01,7.761965481790157328e-01,5.707133917396746137e-01
6.182058137091237526e-01,7.860162669412383840e-01,5.719649561952440120e-01
6.057676984540648624e-01,7.956415622060383219e-01,5.732165206508135213e-01
5.931797447293550851e-01,8.050700531275629679e-01,5.744680851063830307e-01
5.804450662033643349e-01,8.142994075401086551e-01,5.757196495619525400e-01
5.675668128372857169e-01,8.233273425349879604e-01,5.769712140175219384e-01
5.545481701059807866e-01,8.321516250252163349e-01,5.782227784730913367e-01
5.413923582100464982e-01,8.407700722978694863e-01,5.794743429286608460e-01
5.281026312792863608e-01,8.491805525539866117e-01,5.807259073842303554e-01
5.146822765677920852e-01,8.573809854358765969e-01,5.819774718397997537e-01
5.011346136408322272e-01,8.653693425416998375e-01,5.832290362953691520e-01
4.874629935537445613e-01,8.731436479272021156e-01,5.844806007509386614e-01
4.736707980230472348e-01,8.807019785944673052e-01,5.857321652065081707e-01
4.597614385899576050e-01,8.880424649675783266e-01,5.869837296620775691e-01
4.457383557765381421e-01,8.951632913550623405e-01,5.882352941176470784e-01
4.316050182346729547e-01,9.020626963990072689e-01,5.894868585732165878e-01
4.173649218880869927e-01,9.087389735107387345e-01,5.907384230287859861e-01
4.030215890676154267e-01,9.151904712929511687e-01,5.919899874843554954e-01
3.885785676399496347e-01,9.214155939481841751e-01,5.932415519399248938e-01
3.740394301300581370e-01,9.274128016735488922e-01,5.944931163954944031e-01
3.594077728375126290e-01,9.331806110416026590e-01,5.957446808510639125e-01
3.446872149469333846e-01,9.387175953672789452e-01,5.969962453066333108e-01
3.298813976327695241e-01,9.440223850607837308e-01,5.982478097622027091e-01
3.149939831586485717e-01,9.490936679663651843e-01,5.994993742177722185e-01
3.000286539715011913e-01,9.539301896868812580e-01,6.007509386733417278e-01
2.849891117906976357e-01,9.585307538940778249e-01,6.020025031289111261e-01
2.698790766924161755e-01,9.628942226245045255e-01,6.032540675844806355e-01
2.547022861894721046e-01,9.670195165609928312e-01,6.045056320400500338e-01
2.394624943068289769e-01,9.709056152996293765e-01,6.057571964956195432e-01
2.241634706530344634e-01,9.745515576021548387e-01,6.070087609511890525e-01
2.088089994877929123e-01,9.779564416337298560e-01,6.082603254067584508e-01
1.934028787859180809e-01,9.811194251860063664e-01,6.095118898623279602e-01
1.779489192978933598e-01,9.840397258854500784e-01,6.107634543178973585e-01
1.624509436072679169e-01,9.867166213868642233e-01,6.120150187734668679e-01
1.469127851851340372e-01,9.891494495520617436e-01,6.132665832290362662e-01
1.313382874419031787e-01,9.913376086136488352e-01,6.145181476846057755e-01
1.157313027766276592e-01,9.932805573238734365e-01,6.157697121401752849e-01
1.000956916240989120e-01,9.949778150885040251e-01,6.170212765957446832e-01
8.443532149995379432e-02,9.964289620857070817e-01,6.182728410513140815e-01
6.875406604403822008e-02,9.976336393698901350e-01,6.195244055068835909e-01
5.305580406224713608e-02,9.985915489604888506e-01,6.207759699624531002e-01
3.734441856709098256e-02,9.993024539156730723e-01,6.220275344180226096e-01
2.162379581722089980e-02,9.997661783909551625e-01,6.232790988735920079e-01
5.897824356151743809e-03,9.999826076826856536e-01,6.245306633291614062e-01
-9.829605949584417982e-03,9.999516882564256637e-01,6.257822277847309156e-01
-2.555460487260321698e-02,9.996734277601886376e-01,6.270337922403004249e-01
-4.127328278693103564e-02,9.991478950225487488e-01,6.282853566958698233e-01
-5.698175163011484634e-02,9.983752200356156292e-01,6.295369211514393326e-01
-7.267612586494530402e-02,9.973555939228809786e-01,6.307884856070087309e-01
-8.835252344055967433e-02,9.960892688919429361e-01,6.320400500625782403e-01
-1.040070667526735160e-01,9.945765581721223159e-01,6.332916145181476386e-01
-1.196358836027213435e-01,9.928178359369840278e-01,6.345431789737171480e-01
-1.352351081556557588e-01,9.908135372117844453e-01,6.357947434292866573e-01
-1.508008818961734110e-01,9.885641577658661472e-01,6.370463078848561667e-01
-1.663293545831295850e-01,9.860702539900285668e-01,6.382978723404255650e-01
-1.818166852019112711e-01,9.833324427589018590e-01,6.395494367959950743e-01
-1.972590429145141822e-01,9.803514012783629550e-01,6.408010012515644727e-01
-2.126526080071234337e-01,9.771278669180245569e-01,6.420525657071338710e-01
-2.279935728349260227e-01,9.736626370288454790e-01,6.433041301627033803e-01
-2.432781427639381377e-01,9.699565687459047458e-01,6.445556946182727787e-01
-2.585025371096313362e-01,9.660105787763836327e-01,6.458072590738423990e-01
-2.736629900720826680e-01,9.618256431728191558e-01,6.470588235294117974e-01
-2.887557516674684743e-01,9.574027970916709762e-01,6.483103879849811957e-01
-3.037770886556291905e-01,9.527431345372738836e-01,6.495619524405507050e-01
-3.187232854634925450e-01,9.478478080912341452e-01,6.508135168961201034e-01
-3.335906451041434351e-01,9.427180286273311172e-01,6.520650813516897237e-01
-3.483754900912715002e-01,9.373550650120083816e-01,6.533166458072591221e-01
-3.630741633488200892e-01,9.317602437905119217e-01,6.545682102628285204e-01
-3.776830291155701680e-01,9.259349488587669263e-01,6.558197747183980297e-01
-3.921984738444517227e-01,9.198806211210686090e-01,6.570713391739674281e-01
-4.066169070963773224e-01,9.135987581336656449e-01,6.583229036295369374e-01
-4.209347624283346634e-01,9.070909137343409201e-01,6.595744680851063357e-01
-4.351484982755701725e-01,9.003586976580589818e-01,6.608260325406759561e-01
-4.492545988275929436e-01,8.934037751387994275e-01,6.620775969962453544e-01
-4.632495748978321393e-01,8.862278664976507292e-01,6.633291614518147528e-01
-4.771299647866930060e-01,8.788327467172858398e-01,6.645807259073842621e-01
-4.908923351378142730e-01,8.712202450029176148e-01,6.658322903629536604e-01
-5.045332817873298126e-01,8.633922443298334137e-01,6.670838548185232808e-01
-5.180494306058868181e-01,8.553506809776423303e-01,6.683354192740926791e-01
-5.314374383332571838e-01,8.470975440513244248e-01,6.695869837296620775e-01
-5.446939934052987820e-01,8.386348749892221788e-01,6.708385481852315868e-01
-5.578158167730764561e-01,8.299647670580875269e-01,6.720901126408009851e-01
-5.707996627139548806e-01,8.210893648352993734e-01,6.733416770963704945e-01
-5.836423196344258102e-01,8.120108636784034717e-01,6.745932415519398928e-01
-5.963406108645162851e-01,8.027315091820773629e-01,6.758448060075092911e-01
-6.088913954435427600e-01,7.932535966226785806e-01,6.770963704630789115e-01
-6.212915688970328532e-01,7.835794703905044623e-01,6.783479349186483098e-01
-6.335380640046368583e-01,7.737115234098925765e-01,6.795994993742178192e-01
-6.456278515588022016e-01,7.636521965473321849e-01,6.808510638297872175e-01
-6.575579411140672903e-01,7.534039780077012027e-01,6.821026282853566158e-01
-6.693253817267527106e-01,7.429694027188042948e-01,6.833541927409262362e-01
-6.809272626848821286e-01,7.323510517043541057e-01,6.846057571964956345e-01
-6.923607142281651416e-01,7.215515514455395074e-01,6.858573216520651439e-01
-7.036229082578304705e-01,7.105735732313669395e-01,6.871088861076345422e-01
-7.147110590361752669e-01,6.994198324978987413e-01,6.883604505632040516e-01
-7.256224238756155964e-01,6.880930881565927582e-01,6.896120150187734499e-01
-7.363543038171067590e-01,6.765961419118675657e-01,6.908635794743428482e-01
-7.469040442977359362e-01,6.649318375680967064e-01,6.921151439299124686e-01
-7.572690358073321804e-01,6.531030603261888112e-01,6.933667083854818669e-01
-7.674467145339454177e-01,6.411127360699153677e-01,6.946182728410513763e-01
-7.774345629980032868e-01,6.289638306421948544e-01,6.958698372966207746e-01
-7.872301106750259070e-01,6.166593491114736869e-01,6.971214017521901729e-01
-7.968309346067135035e-01,6.042023350284170258e-01,6.983729662077597933e-01
-8.062346600002694430e-01,5.915958696730816424e-01,6.996245306633291916e-01
-8.154389608158204572e-01,5.788430712927423727e-01,7.008760951188987010e-01
-8.244415603417601934e-01,5.659470943305953128e-01,7.021276595744680993e-01
-8.332402317579090667e-01,5.529111286454867491e-01,7.033792240300374976e-01
-8.418327986863207713e-01,5.397383987228966395e-01,7.046307884856070070e-01
-8.502171357296138821e-01,5.264321628773562800e-01,7.058823529411764053e-01
-8.583911689967016478e-01,5.129957124464843421e-01,7.071339173967460257e-01
-8.663528766157677641e-01,4.994323709768764274e-01,7.083854818523154240e-01
-8.741002892343889830e-01,4.857454934020053461e-01,7.096370463078848223e-01
-8.816314905066574559e-01,4.719384652123724266e-01,7.108886107634543317e-01
-8.889446175671922301e-01,4.580147016181011499e-01,7.121401752190237300e-01
-8.960378614919308760e-01,4.439776467041637309e-01,7.133917396745933504e-01
-9.029094677455650197e-01,4.298307725784886180e-01,7.146433041301627487e-01
-9.095577366155362942e-01,4.155775785131132216e-01,7.158948685857321470e-01
-9.159810236324622545e-01,4.012215900786331169e-01,7.171464330413016564e-01
-9.221777399768993355e-01,3.867663582721463378e-01,7.183979974968710547e-01
-9.281463528723469247e-01,3.722154586388922715e-01,7.196495619524405640e-01
-9.338853859643785338e-01,3.575724903878426675e-01,7.209011264080099624e-01
-9.393934196858280128e-01,3.428410755014133504e-01,7.221526908635795827e-01
-9.446690916079187872e-01,3.280248578395691395e-01,7.234042553191489811e-01
-9.497110967772688372e-01,3.131275022384925610e-01,7.246558197747183794e-01
-9.545181880386729434e-01,2.981526936040802545e-01,7.259073842302878887e-01
-9.590891763435890338e-01,2.831041360004758478e-01,7.271589486858572871e-01
-9.634229310442563587e-01,2.679855517338462501e-01,7.284105131414269074e-01
-9.675183801733606703e-01,2.528006804316718648e-01,7.296620775969963058e-01
-9.713745107091920072e-01,2.375532781177263908e-01,7.309136420525657041e-01
-9.749903688262170354e-01,2.222471162830180758e-01,7.321652065081352134e-01
-9.783650601310096562e-01,2.068859809529053628e-01,7.334167709637046118e-01
-9.814977498834847047e-01,1.914736717505997610e-01,7.346683354192741211e-01
-9.843876632033705665e-01,1.760140009573316344e-01,7.359198998748435194e-01
-9.870340852618800787e-01,1.605107925693586846e-01,7.371714643304129178e-01
-9.894363614585250932e-01,1.449678813520941245e-01,7.384230287859825381e-01
-9.915938975830329571e-01,1.293891118915711236e-01,7.396745932415519365e-01
-9.935061599623279394e-01,1.137783376434606253e-01,7.409261576971214458e-01
-9.951726755925348611e-01,9.813941997992148281e-02,7.421777221526908441e-01
-9.965930322559799492e-01,8.247622723446605686e-02,7.434292866082602425e-01
-9.977668786231531639e-01,6.679263374512149631e-02,7.446808510638298628e-01
-9.986939243396102395e-01,5.109251889610593594e-02,7.459324155193992612e-01
-9.993739400977935672e-01,3.537976615823856114e-02,7.471839799749687705e-01
-9.998067576937518242e-01,1.965826212836566805e-02,7.484355444305381688e-01
-9.999922700687453592e-01,3.931895567984956298e-03,7.496871088861076782e-01
-9.999304313357280094e-01,-1.179544355863717392e-02,7.509386733416770765e-01
-9.996212567906971325e-01,-2.751986504667245162e-02,7.521902377972464748e-01
-9.990648229089102994e-01,-4.323747941297931274e-02,7.534418022528160952e-01
-9.982612673259684266e-01,-5.894439885817299996e-02,7.546933667083854935e-01
-9.972107888037717860e-01,-7.463673822829688942e-02,7.559449311639550029e-01
-9.959136471813554436e-01,-9.031061597581283018e-02,7.571964956195244012e-01
-9.943701633106170057e-01,-1.059621551197261480e-01,7.584480600750937995e-01
-9.925807189769531025e-01,-1.215874842045631954e-01,7.596996245306634199e-01
-9.905457568048241512e-01,-1.371827382579823007e-01,7.609511889862328182e-01
-9.882657801482688242e-01,-1.527440597467986938e-01,7.622027534418023276e-01
-9.857413529663990870e-01,-1.682675995311429251e-01,7.634543178973717259e-01
-9.829730996839018964e-01,-1.837495178165694520e-01,7.647058823529411242e-01
-9.799617050365867499e-01,-1.991859851038362550e-01,7.659574468085106336e-01
-9.767079139020148348e-01,-2.145731831361376851e-01,7.672090112640800319e-01
-9.732125311152488578e-01,-2.299073058435741057e-01,7.684605757196496523e-01
-9.694764212697783989e-01,-2.451845602845807992e-01,7.697121401752190506e-01
-9.655005085036563184e-01,-2.604011675841357287e-01,7.709637046307884489e-01
-9.612857762709122733e-01,-2.755533638684703468e-01,7.722152690863579583e-01
-9.568332670982936383e-01,-2.906374011960702886e-01,7.734668335419273566e-01
-9.521440823273898957e-01,-3.056495484847515653e-01,7.747183979974969770e-01
-9.472193818422168787e-01,-3.205860924345418361e-01,7.759699624530663753e-01
-9.420603837823116056e-01,-3.354433384461879553e-01,7.772215269086357736e-01
-9.366683642414239674e-01,-3.502176115350212338e-01,7.784730913642052830e-01
-9.310446569518728843e-01,-3.649052572399710259e-01,7.797246558197746813e-01
-9.251906529546386482e-01,-3.795026425275183080e-01,7.809762202753441906e-01
-9.191078002552908188e-01,-3.940061566903244050e-01,7.822277847309135890e-01
-9.127976034658135118e-01,-4.084122122403633370e-01,7.834793491864832093e-01
-9.062616234324409881e-01,-4.227172457962846686e-01,7.847309136420526077e-01
-8.995014768495727120e-01,-4.369177189648384418e-01,7.859824780976220060e-01
-8.925188358598811211e-01,-4.510101192161020678e-01,7.872340425531915153e-01
-8.853154276407042556e-01,-4.649909607523106669e-01,7.884856070087609137e-01
-8.778930339768181712e-01,-4.788567853700908539e-01,7.897371714643305340e-01
-8.702534908197130381e-01,-4.926041633158450561e-01,7.909887359198999324e-01
-8.623986878334596318e-01,-5.062296941341224432e-01,7.922403003754693307e-01
-8.543305679272974462e-01,-5.197300075087269988e-01,7.934918648310388400e-01
-8.460511267750531195e-01,-5.331017640963711113e-01,7.947434292866082384e-01
-8.375624123214980843e-01,-5.463416563526827252e-01,7.959949937421777477e-01
-8.288665242757903284e-01,-5.594464093503244140e-01,7.972465581977471460e-01
-8.199656135920989630e-01,-5.724127815890667215e-01,7.984981226533166554e-01
-8.108618819375615905e-01,-5.852375657975792400e-01,7.997496871088861647e-01
-8.015575811476985946e-01,-5.979175897267536843e-01,8.010012515644555631e-01
-7.920550126694075876e-01,-6.104497169343798824e-01,8.022528160200250724e-01
-7.823565269917017728e-01,-6.228308475609429795e-01,8.035043804755944707e-01
-7.724645230643023552e-01,-6.350579190963921983e-01,8.047559449311638691e-01
-7.623814477042537563e-01,-6.471279071376587755e-01,8.060075093867334894e-01
-7.521097949906996316e-01,-6.590378261367458856e-01,8.072590738423028878e-01
-7.416521056479573604e-01,-6.707847301392236838e-01,8.085106382978723971e-01
-7.310109664170705290e-01,-6.823657135129084228e-01,8.097622027534417954e-01
-7.201890094159622002e-01,-6.937779116665903079e-01,8.110137672090113048e-01
-7.091889114883817014e-01,-7.050185017585881564e-01,8.122653316645807031e-01
-6.980133935417708324e-01,-7.160847033949970797e-01,8.135168961201502125e-01
-6.866652198742428936e-01,-7.269737793174232410e-01,8.147684605757197218e-01
-6.751471974908289653e-01,-7.376830360800494812e-01,8.160200250312891201e-01
-6.634621754091477586e-01,-7.482098247158756044e-01,8.172715894868586295e-01
-6.516130439547028752e-01,-7.585515413919389216e-01,8.185231539424280278e-01
-6.396027340459431443e-01,-7.687056280533884900e-01,8.197747183979974261e-01
-6.274342164692946477e-01,-7.786695730562240847e-01,8.210262828535670465e-01
-6.151105011443319670e-01,-7.884409117885555762e-01,8.222778473091364448e-01
-6.026346363792559613e-01,-7.980172272802398270e-01,8.235294117647059542e-01
-5.900097081168966806e-01,-8.073961508007171384e-01,8.247809762202753525e-01
-5.772388391713860756e-01,-8.165753624449311188e-01,8.260325406758447508e-01
-5.643251884557248799e-01,-8.255525917071611097e-01,8.272841051314142602e-01
-5.512719502004199690e-01,-8.343256180426354973e-01,8.285356695869837695e-01
-5.380823531633722734e-01,-8.428922714167973451e-01,8.297872340425532789e-01
-5.247596598312448402e-01,-8.512504328420610333e-01,8.310387984981226772e-01
-5.113071656124666964e-01,-8.593980349019570975e-01,8.322903629536920755e-01
-4.977281980221085478e-01,-8.673330622625109454e-01,8.335419274092615849e-01
-4.840261158588156643e-01,-8.750535521707391018e-01,8.347934918648309832e-01
-4.702043083739888552e-01,-8.825575949401482934e-01,8.360450563204006036e-01
-4.562661944334549524e-01,-8.898433344230953779e-01,8.372966207759700019e-01
-4.422152216717890605e-01,-8.969089684699169673e-01,8.385481852315394002e-01
-4.280548656395366525e-01,-9.037527493746938534e-01,8.397997496871089096e-01
-4.137886289435302456e-01,-9.103729843075493156e-01,8.410513141426783079e-01
-3.994200403804977761e-01,-9.167680357333808372e-01,8.423028785982478173e-01
-3.849526540642173034e-01,-9.229363218169036598e-01,8.435544430538173266e-01
-3.703900485463827441e-01,-9.288763168139276827e-01,8.448060075093868360e-01
-3.557358259314518656e-01,-9.345865514487503578e-01,8.460575719649562343e-01
-3.409936109856430142e-01,-9.400656132775903062e-01,8.473091364205256326e-01
-3.261670502403433147e-01,-9.453121470379577396e-01,8.485607008760951420e-01
-3.112598110901331760e-01,-9.503248549838810844e-01,8.498122653316645403e-01
-2.962755808856334383e-01,-9.551024972069126484e-01,8.510638297872341607e-01
-2.812180660214413930e-01,-9.596438919428186276e-01,8.523153942428035590e-01
-2.660909910193311467e-01,-9.639479158638968315e-01,8.535669586983729573e-01
-2.508980976069870583e-01,-9.680135043568321995e-01,8.548185231539424667e-01
-2.356431437924811911e-01,-9.718396517860320438e-01,8.560700876095118650e-01
-2.203299029347065008e-01,-9.754254117423755144e-01,8.573216520650813743e-01
-2.049621628100391224e-01,-9.787698972773074546e-01,8.585732165206508837e-01
-1.895437246754082816e-01,-9.818722811222307945e-01,8.598247809762202820e-01
-1.740784023280489423e-01,-9.847317958931325332e-01,8.610763454317897914e-01
-1.585700211621530742e-01,-9.873477342803974599e-01,8.623279098873591897e-01
-1.430224172226343404e-01,-9.897194492237659791e-01,8.635794743429286990e-01
-1.274394362562849548e-01,-9.918463540723836402e-01,8.648310387984980974e-01
-1.118249327605063126e-01,-9.937279227299131712e-01,8.660826032540674957e-01
-9.618276902989264521e-02,-9.953636897846647180e-01,8.673341677096371161e-01
-8.051681420088609153e-02,-9.967532506247170909e-01,8.685857321652065144e-01
-6.483094329472176287e-02,-9.978962615380000400e-01,8.698372966207760237e-01
-4.912903625894369380e-02,-9.987924397973121371e-01,8.710888610763454221e-01
-3.341497700767390167e-02,-9.994415637302546118e-01,8.723404255319149314e-01
-1.769265246092871502e-02,-9.998434727740621586e-01,8.735919899874843297e-01
-1.965951583164929177e-03,-9.999980675153190557e-01,8.748435544430538391e-01
1.376123557866196744e-02,-9.999053097145491620e-01,8.760951188986233484e-01
2.948501885730732408e-02,-9.995652223156746841e-01,8.773466833541927468e-01
4.520150892749438126e-02,-9.989778894403407161e-01,8.785982478097622561e-01
6.090681826793641063e-02,-9.981434563671078841e-01,8.798498122653316544e-01
7.659706212293929117e-02,-9.970621294955167579e-01,8.811013767209010528e-01
9.226835946330218252e-02,-9.957341762950344677e-01,8.823529411764706731e-01
1.079168339462966142e-01,-9.941599252388960695e-01,8.836045056320400715e-01
1.235386148745038215e-01,-9.923397657228540947e-01,8.848560700876095808e-01
1.391298381532294071e-01,-9.902741479688622617e-01,8.861076345431789791e-01
1.546866472463111208e-01,-9.879635829137101144e-01,8.873591989987483775e-01
1.702051941300394833e-01,-9.854086420826415615e-01,8.886107634543178868e-01
1.856816402449727732e-01,-9.826099574479878473e-01,8.898623279098873962e-01
2.011121574454285965e-01,-9.795682212728448190e-01,8.911138923654569055e-01
2.164929289463732309e-01,-9.762841859398423416e-01,8.923654568210263038e-01
2.318201502675272807e-01,-9.727586637650373902e-01,8.936170212765957022e-01
2.470900301744099747e-01,-9.689925267969867750e-01,8.948685857321652115e-01
2.622987916161073074e-01,-9.649867066010442418e-01,8.961201501877346098e-01
2.774426726595491943e-01,-9.607421940289321283e-01,8.973717146433042302e-01
2.925179274200210289e-01,-9.562600389736545248e-01,8.986232790988736285e-01
3.075208269877319212e-01,-9.515413501098002325e-01,8.998748435544430269e-01
3.224476603501660321e-01,-9.465872946193097937e-01,9.011264080100125362e-01
3.372947353100084200e-01,-9.413990979027712092e-01,9.023779724655819345e-01
3.520583793984324306e-01,-9.359780432763096236e-01,9.036295369211514439e-01
3.667349407834827324e-01,-9.303254716541601299e-01,9.048811013767209532e-01
3.813207891733803589e-01,-9.244427812169828673e-01,9.061326658322904626e-01
3.958123167144730892e-01,-9.183314270660247747e-01,9.073842302878598609e-01
4.102059388836603593e-01,-9.119929208631910589e-01,9.086357947434292592e-01
4.244980953750310260e-01,-9.054288304571326274e-01,9.098873591989987686e-01
4.386852509805109213e-01,-8.986407794954367478e-01,9.111389236545681669e-01
4.527638964643185826e-01,-8.916304470230073109e-01,9.123904881101377873e-01
4.667305494309724190e-01,-8.843995670667543774e-01,9.136420525657071856e-01
4.805817551866830017e-01,-8.769499282066719470e-01,9.148936170212765839e-01
4.943140875938770717e-01,-8.692833731334292935e-01,9.161451814768460933e-01
5.079241499186585296e-01,-8.614017981925786716e-01,9.173967459324154916e-01
5.214085756710116204e-01,-8.533071529154826473e-01,9.186483103879850010e-01
5.347640294375001213e-01,-8.450014395370983866e-01,9.198998748435545103e-01
5.479872077063022706e-01,-8.364867125007127147e-01,9.211514392991239086e-01
5.610748396843404651e-01,-8.277650779497717215e-01,9.224030037546934180e-01
5.740236881063169871e-01,-8.188386932069232627e-01,9.236545682102628163e-01
5.868305500354714654e-01,-8.097097662403893725e-01,9.249061326658323257e-01
5.994922576558258109e-01,-8.003805551178270195e-01,9.261576971214017240e-01
6.120056790557628634e-01,-7.908533674477807862e-01,9.274092615769711223e-01
6.243677190027095980e-01,-7.811305598088923441e-01,9.286608260325407427e-01
6.365753197087486992e-01,-7.712145371669963945e-01,9.299123904881101410e-01
6.486254615869809781e-01,-7.611077522802378592e-01,9.311639549436796504e-01
6.605151639984181422e-01,-7.508127050923836254e-01,9.324155193992490487e-01
6.722414859892643646e-01,-7.403319421144448631e-01,9.336670838548185580e-01
6.838015270183585015e-01,-7.296680557947984314e-01,9.349186483103880674e-01
6.951924276746417330e-01,-7.188236838779298310e-01,9.361702127659574657e-01
7.064113703844369097e-01,-7.078015087519817783e-01,9.374217772215269751e-01
7.174555801083809525e-01,-6.966042567852614997e-01,9.386733416770963734e-01
7.283223250278469951e-01,-6.852346976518565169e-01,9.399249061326658827e-01
7.390089172206589785e-01,-6.736956436465573184e-01,9.411764705882352811e-01
7.495127133259653629e-01,-6.619899489892193678e-01,9.424280350438046794e-01
7.598311151980788880e-01,-6.501205091187662877e-01,9.436795994993742998e-01
7.699615705491320572e-01,-6.380902599769987527e-01,9.449311639549436981e-01
7.799015735804020188e-01,-6.259021772823711860e-01,9.461827284105132074e-01
7.896486656021174388e-01,-6.135592757939490882e-01,9.474342928660826058e-01
7.992004356416314570e-01,-6.010646085656903281e-01,9.486858573216520041e-01
8.085545210397790949e-01,-5.884212661912666675e-01,9.499374217772216245e-01
8.177086080352854447e-01,-5.756323760396004907e-01,9.511889862327910228e-01
8.266604323370884133e-01,-5.627011014812909329e-01,9.524405506883605321e-01
8.354077796844103787e-01,-5.496306411061556707e-01,9.536921151439299305e-01
8.439484863944686222e-01,-5.364242279320402540e-01,9.549436795994993288e-01
8.522804398976659979e-01,-5.230851286051257931e-01,9.561952440550688381e-01
8.604015792601390489e-01,-5.096166425919180787e-01,9.574468085106382365e-01
8.683098956935419999e-01,-4.960221013631047615e-01,9.586983729662078568e-01
8.760034330519200774e-01,-4.823048675695178478e-01,9.599499374217772552e-01
8.834802883155745690e-01,-4.684683342103596604e-01,9.612015018773467645e-01
8.907386120617739600e-01,-4.545159237939463415e-01,9.624530663329161628e-01
8.977766089222202206e-01,-4.404510874911297114e-01,9.637046307884855612e-01
9.045925380271356842e-01,-4.262773042816438429e-01,9.649561952440551815e-01
9.111847134358702638e-01,-4.119980800935740817e-01,9.662077596996245799e-01
9.175515045539295311e-01,-3.976169469361439113e-01,9.674593241551940892e-01
9.236913365363010886e-01,-3.831374620260745156e-01,9.687108886107634875e-01
9.296026906770025189e-01,-3.685632069076853479e-01,9.699624530663328859e-01
9.352841047847350042e-01,-3.538977865669929446e-01,9.712140175219023952e-01
9.407341735445597930e-01,-3.391448285400119333e-01,9.724655819774717935e-01
9.459515488655109161e-01,-3.243079820154614601e-01,9.737171464330414139e-01
9.509349402140450103e-01,-3.093909169321403807e-01,9.749687108886108122e-01
9.556831149332626341e-01,-2.943973230711455225e-01,9.762202753441802106e-01
9.601948985478075960e-01,-2.793309091431976920e-01,9.774718397997497199e-01
9.644691750543764597e-01,-2.641954018712865948e-01,9.787234042553191182e-01
9.685048871977675056e-01,-2.489945450688421102e-01,9.799749687108887386e-01
9.723010367323933201e-01,-2.337320987137049277e-01,9.812265331664581369e-01
9.758566846692025010e-01,-2.184118380180723185e-01,9.824780976220275353e-01
9.791709515079400905e-01,-2.030375524946933241e-01,9.837296620775970446e-01
9.822430174546934456e-01,-1.876130450195264421e-01,9.849812265331664429e-01
9.850721226246736961e-01,-1.721421308910747183e-01,9.862327909887359523e-01
9.876575672301723952e-01,-1.566286368866739442e-01,9.874843554443053506e-01
9.899987117536585002e-01,-1.410764003159156732e-01,9.887359198998747489e-01
9.920949771059642819e-01,-1.254892680714821407e-01,9.899874843554443693e-01
9.939458447695233012e-01,-1.098710956776112191e-01,9.912390488110137676e-01
9.955508569266297014e-01,-9.422574633640835862e-02,9.924906132665832770e-01
9.969096165726791803e-01,-7.855708997228612323e-02,9.937421777221526753e-01
9.980217876143697708e-01,-6.286900227471249603e-02,9.949937421777222957e-01
9.988870949528354526e-01,-4.716536373956153883e-02,9.962453066332916940e-01
9.995053245516928309e-01,-3.145005870924866276e-02,9.974968710888610923e-01
9.998763234899836760e-01,-1.572697441193207299e-02,9.987484355444306017e-01
1.000000000000000000e+00,-4.898587196589412829e-16,1.000000000000000000e+00
