1.643289401498876368e-01,9.023363042850651716e-01,3.954159599551242410e-01
-4.807258421921954405e-01,-7.687825761890878518e-01,3.888600304961785104e-01
-5.591368915488171831e-01,7.397372740425832705e-01,4.251579141132262873e-01
-2.099690633556332009e-01,-7.569971315484289587e-01,5.651915889110753488e-01
-3.349406539557462509e-02,5.984264122519238338e-01,-7.861283865873327503e-01
-1.032936186743165896e+00,-1.269605186725104168e-02,1.078841449576699307e-03
-3.470907670545869128e-01,4.128293712984602015e-01,-8.344250780108637411e-01
-3.382155013997944493e-01,1.647778831888714324e-01,8.942548007698789547e-01
3.484242932279412730e-01,-5.389689473803943587e-01,-7.822081028626528543e-01
8.656069942138588935e-01,1.639135251026958284e-01,-5.381147141591302585e-01
8.052886046828444666e-01,2.258635062322540688e-02,6.122403660990846097e-01
1.337863690282255907e-02,7.582309184719508988e-01,6.661041553407837101e-01
-2.606687113850679749e-01,8.113848063438684477e-01,5.604024759867440864e-01
7.597257095001563876e-01,-5.432295607679556992e-01,3.409920482150392562e-01
4.357143336145291590e-01,-7.698174374972500678e-01,-5.382905254685467211e-01
-9.426971213811278227e-01,-1.573624204356446621e-01,3.277987796438348034e-01
6.923505598396761940e-01,-2.515233578395419112e-02,7.197834584502557087e-01
-6.680987518217721410e-01,-7.827283969873599645e-01,-2.823403555284914601e-02
1.531764984692050580e-01,-4.489132393132862914e-02,-9.567936535012767640e-01
-1.437061534454465717e-01,-8.705287276999562618e-01,4.157355378495752873e-01
2.732527888454633902e-01,-8.533182399959672315e-01,-4.300170183460950146e-01
-7.932613911463742840e-01,-7.006631854766651180e-02,6.525578066751098749e-01
-8.547213246990578162e-01,3.461713447437986257e-01,-4.468993330591000124e-01
-6.356941488045139144e-01,-1.263881851379395349e-01,-7.890661536599098413e-01
-2.384388163770966573e-01,-5.271734610208552718e-01,8.410782016521169968e-01
-3.650946923105567732e-02,-9.990461447234422199e-01,2.866815202054245337e-01
-2.533981682943424740e-01,-4.314977569318421136e-01,8.442342966911889901e-01
6.746265154190523861e-01,-5.302206572820475916e-01,-5.580592116940105152e-01
-1.179733254172282975e-01,-8.041091352226313882e-01,-5.538520127731513254e-01
6.824249371123369823e-01,7.695557184081142088e-01,-1.088164883376226272e-01
1.891923756041303806e-01,9.095413152367465282e-02,9.675002846822766678e-01
7.396157262293460155e-01,-1.018954530746061932e-01,-6.850327927992385657e-01
-8.952646785051190381e-01,1.196481211222258090e-01,-3.803427889936240591e-01
-7.278600694671000237e-01,-3.039486847620500587e-01,-5.808576456831588963e-01
9.049097668240746462e-01,4.889225331586765644e-01,-4.161814448197764804e-02
8.377477994358527580e-01,6.396078945345129441e-02,-5.504354355086034101e-01
7.501166814067514732e-01,3.014678478735250966e-01,-5.372055050851167746e-01
-1.292303077138563239e-01,-5.382893065581985104e-01,-8.419930525258816356e-01
3.555719144286479949e-01,7.819890243336988789e-01,-5.622749000617581761e-01
5.637307348328123302e-01,-7.089053625670025394e-01,-5.128509387473690895e-01
-5.846195022951934384e-01,-8.423179647242239332e-01,1.404711179826806031e-02
-9.546856653967851214e-01,2.622319070457050372e-01,-3.657945630554781252e-02
-2.345307069861057581e-01,-7.904600776868860867e-01,-5.203213698098824169e-01
5.781750880271173676e-01,4.058229500981676008e-01,-7.533854542889003580e-01
5.856451629371428602e-03,3.750293536047119014e-01,-9.148237396436391666e-01
4.990009059207012876e-01,-6.756921801900349633e-01,5.424088823184137764e-01
-3.109356804336894098e-01,-7.194875265300985090e-01,-6.282958722587749234e-01
4.533111345265238706e-02,2.500944636595210380e-01,-9.616501667323951175e-01
3.527550144345393268e-01,-9.513795905554572885e-01,-6.542405552098853883e-02
-8.935642275070794227e-01,-4.845115720893882760e-01,2.550410373180208440e-03
-6.203465154036829077e-01,-3.141198584410875849e-01,6.799430653259644908e-01
-3.598913359844933546e-01,5.076646055588607265e-01,-7.499522340082048766e-01
1.760218769239407510e-01,4.584964792224456298e-01,-8.303024353511303524e-01
-8.076649354019598270e-01,5.579861533810971386e-01,-2.419884230882496379e-01
4.495849554849257745e-01,-8.898720052661522883e-01,8.631847916711278546e-02
-2.063355954647472235e-01,9.684060253103325966e-01,1.601912422580920869e-01
3.987075620014945976e-01,-6.590156568226964717e-01,-7.324253940807792240e-01
-6.240805459757458040e-01,4.581840901100616148e-01,-6.268887236637735727e-01
1.388823798977789903e-01,9.268804451368859443e-01,3.981132529347158333e-01
-2.909786797101374667e-01,9.582451974240834280e-01,-3.517273677546384758e-01
-6.530259179080317722e-01,-3.456171803630703199e-01,-6.713309217166966159e-01
-2.236542046935817152e-01,-3.735801455621623295e-03,9.477009404215200883e-01
2.952964984839053231e-01,-2.958036890895352489e-01,9.095233468504476670e-01
-1.003960445671553625e+00,1.097911442576126329e-01,2.985310889677629809e-01
-8.291083656778845956e-01,6.019721412946389405e-01,1.605602515525150764e-01
-1.673020502043984781e-01,2.642997187793647007e-01,9.471783649295655305e-01
2.468455196454460432e-01,3.825617420558608539e-01,-9.036223428317083917e-01
-6.217491923887663585e-01,5.460938558464332182e-01,-5.987280507155708920e-01
3.846227166993691077e-02,-7.313060166748829305e-01,6.503185720936675018e-01
2.465950196069214839e-01,8.385659649719798825e-01,-4.513028742675957439e-01
-2.622542412344184282e-01,-8.524399271660683119e-01,-4.187971893917077915e-01
2.575276037795786732e-01,5.977610354860601882e-01,-7.638114604564291144e-01
4.936063952731152837e-01,8.535149307127672946e-01,2.002820088471626292e-01
7.895832366609898401e-01,-3.688164219012756706e-01,-4.945072277016572260e-01
-7.894551203994659705e-01,6.313694296490014457e-01,2.551665088737486431e-01
-9.415923855250700469e-02,2.061960740417196347e-01,-9.610539843608929544e-01
9.777682543867097786e-01,2.176381994100071507e-02,4.725986129610708353e-02
7.781401852602186642e-01,5.122152891729457869e-01,3.051932256037337421e-01
-4.251135407792504539e-01,2.369793389277504436e-01,8.772471154946718253e-01
6.301685218342856221e-01,7.573308039108769263e-01,-2.321460081862540270e-01
-9.914256806740334715e-01,-1.139748615984218783e-01,1.195873782019652581e-02
4.224706122641225248e-01,-6.803860606461863414e-01,5.702389221918077178e-01
-1.823698197050421799e-01,-3.998605756516565579e-01,-9.078771177362038314e-01
-8.508882015726216830e-01,4.005910524042637921e-01,4.996123153478974899e-02
-6.758568499042237887e-01,-6.928957875200766336e-01,-2.108465569547705032e-01
7.026084377730744679e-01,-1.417841188848492084e-01,-7.225924791086810739e-01
-1.290934808347381779e-01,-1.434780869885839694e-01,-9.572742190938186013e-01
-1.226248124498367925e-01,-3.593355006752861902e-01,9.294369209574049329e-01
8.504544559009015181e-01,5.469550937224432197e-01,-1.550801581551504993e-01
-4.103470514397148938e-01,9.280201354815791337e-01,-2.102705443090795157e-02
-9.458575466031764190e-02,-3.848486132666796289e-01,9.109104549649932325e-01
-1.906870740758387084e-01,-6.923764766115081404e-01,-6.644284860952429650e-01
-7.970589728151523945e-02,-6.527451589396251475e-01,-7.946595370367357525e-01
5.209810942322871952e-02,-1.848409025688485807e-01,1.008164222411576549e+00
-8.609275586542178837e-01,3.068412528580697352e-01,4.100834258293729606e-01
-9.346684321616723912e-01,-1.509140618418723101e-01,-1.877132831060729923e-01
-6.959098247652965030e-01,-3.231581174052350347e-01,-5.627401804471239277e-01
7.132677829717654072e-01,3.801504434279026068e-01,5.549307154223732663e-01
4.261456571214127242e-01,-7.967219369135802864e-01,-3.712484114634203025e-01
3.308668555279756229e-01,-8.097196536713588966e-01,4.751241310766045611e-01
-3.863615245326499914e-01,-4.708277449525274383e-01,8.192021412956117521e-01
3.211995184172197759e-01,-3.575457495815242415e-01,8.763379151771488740e-01
-8.403034696049029861e-01,3.695029625927536698e-01,4.065816095015475917e-01
-2.798815846752635839e-01,2.713227516409209561e-01,-9.458362960388092544e-01
8.571417102465473947e-01,-2.498599103348446981e-01,-5.318569495319760421e-01
5.289568449844381792e-01,-4.095753348842756103e-01,-7.657629759910487000e-01
-7.509976339143977775e-01,2.609308664840796488e-01,-5.675710031222940266e-01
5.454850129896327005e-01,-6.513229066360934905e-01,5.350809511391585449e-01
2.841862473721649684e-01,-2.336268755184078560e-01,-9.419599243477960737e-01
3.155451250318473400e-01,-4.294080742415175289e-02,9.736357049105949235e-01
1.622466299426919556e-01,2.697781273771351906e-01,-9.575502657029418829e-01
-5.765700012806559971e-02,1.427573393447257866e-01,-9.905839617381235751e-01
-8.577742171319642228e-01,4.516485321039816481e-01,9.289539108591661487e-02
-6.142786161253257493e-01,-7.942450973617147525e-02,8.052173316978472606e-01
-5.922189027920852222e-01,-8.025400987735901159e-01,1.535389742917777078e-01
-4.984373891029874049e-01,1.853094705286462973e-01,-8.684808333768586630e-01
8.868856180953246238e-01,3.944917347422651765e-01,2.342313567206135982e-01
4.470472134476887183e-01,7.534025227563189153e-01,4.723898125949893001e-01
-7.502143153742094617e-01,-5.274369538841618965e-01,-2.621012418589048765e-01
-5.195635948923617298e-03,5.655420997692516272e-01,-8.214382630046743738e-01
1.496767681848713005e-01,-7.477298056149432881e-01,-6.452441170914381408e-01
-6.885357188262920536e-01,-4.266484437199444812e-01,-6.207901926111867308e-01
-5.988759859373603556e-01,6.024153251404938958e-01,-6.051114121140757085e-01
9.703161766066659144e-01,1.648997892331019177e-01,2.014344455005366574e-02
-6.760848684348828019e-01,4.872486009136887675e-01,-4.890409214524574777e-01
5.071994747720869057e-02,1.013195499776489372e+00,-7.619305538403486899e-02
8.442590098313559333e-01,-5.512003482957789080e-01,5.427766789451213270e-03
6.817853114391091429e-01,-2.596418339491787242e-01,6.745334663586182167e-01
5.954994009448512093e-01,-5.782598872332787021e-01,5.901636770919281849e-01
4.777549787426735306e-01,3.153248004676805216e-01,-7.901231659474046154e-01
-9.830748277898168075e-01,-3.203381769873278051e-01,-1.223151042842839792e-01
3.963113694983456115e-01,7.431387921652368722e-02,-9.350814063358628969e-01
4.067398547772042017e-01,7.252771713106932472e-01,6.512160353911808919e-01
7.826684540081177976e-01,5.739278508419294322e-01,2.989038618266023906e-01
-8.460342790145759795e-02,-9.825690435497427266e-01,1.809752495593220101e-01
1.042945804840106350e-01,1.604531777302599660e-01,-9.814364663113622766e-01
-7.393779343613036126e-01,6.767397732364054397e-01,-4.610636092452652379e-02
9.862187925572544200e-01,-7.177694663833093791e-02,-1.049743655510520721e-02
8.237613797026318574e-01,-5.182485043405739011e-01,8.471406817633844732e-02
-6.335249418489133921e-01,-5.999078130654315055e-01,-4.384496157115889137e-01
1.191535686245109721e-01,-4.033216108086177809e-01,8.782772944285101024e-01
-8.516223168447645264e-01,-2.166878109443814149e-01,-4.646489449098882840e-01
7.909330249221968590e-01,7.235843113362082357e-02,5.800734341145934447e-01
-8.401045751866121902e-01,1.221240908385008705e-01,4.330099953765339515e-01
2.702846176514498572e-02,8.782628346228809058e-01,-4.756404237458318751e-01
4.946708256639301693e-01,8.529228259626429054e-01,-1.461819137176947059e-01
-2.285767401631908780e-01,6.675974064397249830e-01,7.076813933562606795e-01
-7.247755342642177023e-01,-5.506484570981511339e-01,-3.763537600138114891e-01
-6.838026230075071599e-01,-4.536043422254816271e-01,-5.110025161094475799e-01
-9.438321169695667034e-01,-1.293278309733040532e-01,2.489019294306534236e-01
7.264982301959251876e-01,-4.628858897330377919e-01,4.844763032710446282e-01
-3.836688862046256920e-01,-1.251883939558312286e-01,9.235769715011228342e-01
-9.432747610934162363e-01,2.553866083508509743e-01,1.202710549829512643e-01
1.746949095449762956e-01,1.107002128776483629e-01,9.614121941630421331e-01
-6.322627244757370590e-01,-4.911792777158427992e-01,-6.146440121814232826e-01
-4.315959984509595837e-01,-4.609521563905403796e-01,7.704163146754884339e-01
7.727387066462596543e-01,-3.481846821970806527e-01,-5.326948075391702009e-01
4.253943325606998616e-01,-5.795765038782735301e-01,6.474367983198209275e-01
5.476788531430544504e-02,-7.031582752855365381e-01,7.107460296997795135e-01
9.379482965589428511e-01,-3.419059681350974378e-01,-1.963215811007160139e-01
2.801681729261037979e-01,3.706120987759326524e-01,8.622022952843104715e-01
9.243222787863734080e-01,-1.193676727614303157e-01,-3.812791961604210522e-01
-8.939489136442055894e-01,-4.806116052746860490e-01,-1.539299998833810676e-02
9.691112354084119307e-01,-3.231928737008777919e-01,8.031178969667671086e-02
-3.246494362168751702e-02,4.207685847107009991e-01,8.913968211730236568e-01
-4.259565797773862683e-01,-4.051798458965643057e-01,8.010683851878213080e-01
2.888357920748392815e-01,9.337312427743731380e-01,2.116073561055846208e-01
-2.979072226861735340e-01,4.524082722776485710e-01,8.348740554997743368e-01
5.921624235588079932e-01,3.384168656488389382e-01,7.549537456566848270e-01
6.119788814619548933e-01,7.978034261175492858e-01,3.635142139898625002e-01
-1.611225224188462257e-01,6.708390809920528053e-02,9.835133180491663074e-01
-8.692308490318757519e-01,3.407488560364924646e-01,-4.129278949640958207e-01
-3.968462864396328504e-02,9.933482843820200525e-01,1.099583772805135806e-01
3.722895174863029375e-03,-9.098216689272456970e-01,4.566301351393202701e-01
2.849118061158772419e-01,9.503172362450086341e-01,-1.605782414049416462e-01
1.148444944864832756e-01,1.506263292851867108e-01,9.591996313673949448e-01
-2.136585844541778467e-01,3.953667410026952544e-01,9.179914775803482696e-01
2.634871218680422955e-01,-8.994853015600687840e-01,3.193275507817592285e-01
7.100438289846188189e-01,-7.646691570595014475e-01,3.361051989827791575e-02
-3.359193647774505465e-01,5.236851285673183032e-01,-7.385002854742748202e-01
-3.672521763144315776e-01,1.788344991090602409e-01,9.192783275107961893e-01
-5.295399433672149520e-02,-2.547018260771182208e-01,9.366794101620548041e-01
-5.175651132911056607e-01,-8.128709382290494334e-01,1.348573696895169483e-01
-3.805791499454183602e-01,-7.592816829439749116e-01,4.950441718774665767e-01
1.420304999288573289e-01,-4.279932431929986403e-01,-9.190537752599808874e-01
8.169085859776947789e-01,5.827760501531220605e-01,-1.256438386241101601e-01
6.928318819391012795e-01,-4.133528236682290635e-01,-6.270911021424815379e-01
-9.238382489546100862e-01,-1.131469346416584115e-01,2.733711150366859854e-01
-2.028429311464249596e-01,2.368861288544341359e-01,-9.315811833733621539e-01
8.000712178396779395e-01,-5.025536161198698032e-02,6.436910643270827848e-01
4.204853198369461476e-01,5.515485505201562777e-01,7.031966261493749482e-01
3.084551801857751130e-01,4.004431494534601010e-01,8.622013092384603894e-01
1.782972022666036160e-01,9.686749782213973647e-01,-1.670038193790514269e-01
5.552989015590810151e-01,-2.895591792044617252e-01,7.378562668593299234e-01
3.715994913162497248e-03,-1.009217761590308848e+00,5.654145138455590747e-02
-5.888672310432584434e-01,6.555924352631176122e-01,-5.421277162708494357e-01
-2.577227859134750276e-01,-9.249401702954547222e-01,-2.684049654178302657e-01
-7.989429218252627196e-01,-4.890732557366544997e-01,2.524354224962443993e-01
5.840897774280631172e-01,3.166125243677429535e-01,-7.272673065710094642e-01
-5.053492763574107816e-02,-2.719689107833072467e-02,-9.753415770398442541e-01
8.363308340736570479e-01,5.119731842800857580e-01,-1.709684558640719165e-01
-1.784131573940490184e-02,1.255011003721684393e-02,-9.871731102854616191e-01
-2.416331965680371119e-01,-5.330482811583610037e-01,-7.887497798627974843e-01
-1.469515721656771134e-01,9.056999467125147474e-01,3.462435569119213241e-01
-3.385327162308227056e-01,3.530494769977225999e-01,8.770936776063285034e-01
7.964661984856413746e-01,4.190914029157248241e-03,-5.920105035914248193e-01
5.374679764459863174e-01,2.992599439037054720e-01,7.187745755777725787e-01
4.377146140632219851e-01,7.924425298571580178e-01,-4.233348866649612185e-01
5.280491671429852207e-01,7.276699067983306846e-02,8.035999171030646648e-01
-4.040264766338227398e-01,8.983515340269325744e-01,7.470513589227933959e-02
-7.271032927997941320e-01,-5.796787864522747746e-01,-3.849229074324175826e-01
3.931294817758687055e-01,5.520795246687996150e-01,-7.271848022284606028e-01
-2.440909107334638187e-02,7.577838483087686594e-01,6.279568305292272390e-01
9.695136910066445290e-01,1.641908816862823473e-02,2.418311928098416941e-01
4.156827841096203957e-01,-8.874244852288289964e-01,-2.301399232958100116e-01
-9.443361451554111996e-01,1.270058592825715205e-01,3.629534253748238903e-01
-2.408253685230119512e-01,7.605594107525145420e-01,-6.251074638176240539e-01
-8.153749211316448919e-01,8.666428104356641016e-02,5.600371096982291741e-01
7.952078651498717399e-01,-2.110477832618100069e-01,4.860705058756511487e-01
-6.654481700142439449e-02,-2.427264944679576042e-01,9.539014845656041963e-01
2.736055740529904634e-01,-6.995291915379781011e-01,6.749245893372725069e-01
8.767008108600452543e-01,-4.532103063520777075e-01,2.397079775790424139e-01
6.294306391411469415e-01,3.147172371031043969e-01,-7.369373005474773031e-01
-5.126473919983780547e-01,-3.211644230916065046e-02,8.727417498539815632e-01
4.948583663050997727e-01,-4.505929760290554031e-01,7.557525147658569198e-01
-8.282469829365349812e-01,2.903296835718011670e-01,-5.125116762232664325e-01
-1.689585175125526972e-01,-6.370921436878644872e-01,-7.257141763203653895e-01
8.527337061359089310e-01,-4.439773445577892552e-01,2.316524502196876389e-01
-1.751900915487278609e-01,9.794149184839175959e-01,1.250731310655834594e-01
-7.552806347413821841e-01,5.437850381422497659e-01,-2.725021045743946102e-01
-7.357789597142077032e-01,-1.749697407814034267e-01,6.711892968094491652e-01
7.870803526566481079e-01,-4.201093754608360986e-01,-4.304298267673393186e-01
-1.479633501829988873e-01,9.698272907545911758e-01,1.151573661320214187e-01
3.641206322215885249e-01,9.019181583172054539e-01,1.598279149813475186e-01
-7.183641569066236965e-01,-6.025572822860170152e-01,-2.531693563918980261e-01
-1.294669145461673498e-01,9.571913057584233719e-01,4.541897319151950996e-03
1.010872339365790129e+00,-1.899604343399277917e-01,7.263889447862925675e-02
-9.561506432586155402e-01,3.622789226279399255e-01,1.540900210415462601e-01
2.661750838210357184e-01,-7.497179433835707840e-01,5.871490162524329870e-01
-1.271081335833084136e-01,7.127324857946893966e-01,-7.091892651018830707e-01
4.541557357800965478e-01,-7.575298434720625362e-01,-4.649472608986815469e-01
9.925214771044604811e-01,-8.629371665582871720e-02,1.121143935758704274e-01
9.051865296210163114e-01,4.268615229898426455e-01,1.390225678341269200e-01
1.210734242867217425e-01,1.030976563743483343e+00,-1.647092298475066885e-03
1.051953512921874334e-01,7.169169941804819368e-01,7.655510751369388744e-01
6.559537875838071797e-01,4.022964990707019739e-01,-6.736326159418458692e-01
7.898385024240095476e-01,-5.714451833885828558e-01,1.278494865493024213e-01
-9.269076918569992829e-01,-9.234766289776269454e-02,3.491347946103428024e-01
1.274075407541763738e-01,2.411683611338661382e-01,9.421044321256212273e-01
4.048407133573767580e-01,-2.538868542928586769e-01,9.165921565858827780e-01
6.575220272545319045e-01,-6.785126659906227653e-01,3.001524455981257611e-01
4.456569206738792421e-01,-1.734673760733002612e-01,8.614021277259662490e-01
-6.311618645027248231e-01,2.551956876213632430e-01,-7.093710623149047656e-01
-9.677879433731280401e-03,-5.933423437582271420e-01,-7.712690495031397919e-01
7.315100155319776976e-01,-4.190079912669531503e-01,-5.136540497723851573e-01
-8.586162654215044876e-01,-2.719275233730995001e-01,-5.251830393824407084e-01
8.084901264921553476e-01,5.132696752302950971e-01,-3.929622248592496980e-01
9.165712940755155191e-01,3.641602014771328499e-01,-1.324009444576827732e-01
-7.033772126218676979e-01,5.895663687702269451e-01,-3.668610649576207194e-01
-5.584385075919805486e-01,3.134507598260694583e-01,7.234716883108414098e-01
8.881847873055500608e-01,3.592655258086260850e-01,3.657373187149959848e-01
6.928000307857405948e-01,6.746299809087744626e-01,2.119467876443726639e-01
6.355115606794911609e-02,-8.119970522428254789e-02,-1.004382033199320956e+00
-1.680809128342401204e-01,-9.669996129108732186e-01,-6.400352393061749245e-02
-6.618413183332984007e-01,-7.288239264121161298e-01,1.030941086782336258e-01
5.910568561026166012e-01,4.247008274983931075e-01,-7.355021799081932210e-01
-5.830340760783210285e-01,5.482759067068765368e-01,-5.770536379774213742e-01
-2.089818847988852979e-01,4.395522356711851208e-01,-9.090655915041804258e-01
3.757992324359816366e-02,-9.306824056142972701e-01,-4.344822030250409806e-01
1.319973864022190024e-01,-9.681955964002757486e-01,2.270554085897146246e-01
-1.738647960631845568e-01,9.421060897065491879e-01,4.097356852204129818e-01
9.565861369583466001e-01,5.672795160168728895e-02,-3.295332531545281940e-01
1.429611176745343992e-01,9.894586743645124027e-01,4.121668878313521078e-02
-2.448750975029583346e-02,-6.935836064956368840e-01,-7.151482325872979828e-01
-5.439653095689523932e-01,6.626078026762434181e-01,-4.496880729903023344e-01
-5.325608452801359194e-01,-5.626914344184456018e-01,6.272055766354939221e-01
-2.359523344609961437e-01,8.133517566930010823e-01,-5.063017490409508214e-01
6.001480725274604272e-02,-3.991773901267618441e-01,9.224791668885400364e-01
-8.742320538125558649e-01,1.475063078555740037e-01,4.283595517145297182e-01
8.089973690339939960e-01,-5.044747966498599467e-01,-3.547739141295395138e-01
-1.149749483881466403e-02,-2.112790217072965104e-01,9.653353257150673050e-01
8.222503485015257851e-01,-1.687940920729772976e-01,-5.474265751261797597e-01
-5.759048799133584251e-02,9.478270035111510117e-01,-3.270568494816722405e-01
6.991302624293690426e-01,6.414555449946258703e-01,-2.599143491180510024e-01
3.220840780740865661e-01,9.160788634913563655e-01,-2.564180287486471088e-01
-1.908695903942253247e-01,-4.805370660449133635e-01,-8.366278392151194065e-01
-5.007888657888890371e-01,-8.654734754013356790e-01,-6.304346784028176318e-03
-4.374920059150099738e-01,1.442477531134679358e-01,-9.439990494185730441e-01
1.320931686976367370e-01,3.243012631425036818e-01,-8.658051151655787869e-01
1.765209986778468187e-01,6.976473338818270920e-01,-7.092986369157581183e-01
8.723170794763349667e-01,1.884543118238284631e-01,-3.663293045885974708e-01
-1.709076286824159907e-01,1.021758484640151954e+00,9.334372643839587702e-02
4.587972961471111777e-01,-8.887746204732724919e-01,1.221028722964958846e-01
-8.632784593761350100e-01,-8.312211162998424385e-02,-5.553293121390466824e-01
-4.284711276585036477e-01,6.771209272301224047e-01,6.019350411521930955e-01
4.682811926979234540e-01,-8.644899904821174985e-01,-2.463609174500784871e-01
5.012872083458345118e-01,7.350575191271646602e-02,9.166248341877086814e-01
6.808284522160207297e-01,2.938061565543294562e-01,-6.964356052223956706e-01
1.348614313250895980e-01,-2.698186560269599799e-01,9.537056538969604924e-01
5.204774838468576581e-01,-4.763654288726180130e-01,-7.052827829670712534e-01
-8.162758070555594658e-01,2.096083779740608166e-01,-5.080529084018430286e-01
-6.516414366443756823e-01,1.447448467669694150e-01,7.431283795982844831e-01
-6.142424007068687103e-02,9.960650866923000946e-01,1.081996170478831676e-01
-1.617375304456416807e-01,9.279150313480145629e-01,-3.041866308227906268e-01
2.870941393278908516e-01,3.813818999414196331e-01,-9.117766765088696213e-01
7.532854346400572609e-01,-1.383136174839719457e-01,-6.445922063259900137e-01
4.591782124607905469e-01,-8.806011971719672760e-01,-2.355731393190377970e-02
-5.786378529502323592e-02,9.213175626731917589e-01,3.930305049377612048e-01
-1.572959009662087959e-02,5.324177083193057936e-01,8.469006062151237524e-01
3.589470368540773615e-01,-4.419561503417294632e-03,-8.991096821623235646e-01
-8.204431446054946120e-01,-2.532701470116959230e-01,-4.660388725806581256e-01
-4.045882476275582951e-01,-1.751535634511060258e-03,9.116946922221501604e-01
-2.202005440313830886e-01,9.590582768791439117e-01,8.382634959503511285e-02
-9.040958750392301679e-01,-4.854239087655222162e-01,-7.758256503974340912e-02
-6.098654682661918125e-01,2.658514943767839034e-01,7.098159301017273881e-01
6.003708500729995068e-01,-1.141651912075425657e-01,8.184359838510710805e-01
1.687415292781986875e-01,-5.371212530106836969e-01,-8.318321756879488715e-01
-6.214260620660957413e-01,-7.690610872178311741e-01,2.376789455641712678e-01
2.857265347141128009e-01,-7.999887437806414703e-02,9.553255034025538439e-01
5.407914152774483396e-01,4.449239292715618799e-01,-7.058991300090967647e-01
-8.144873659017366485e-01,2.641013922945983361e-01,-4.526675683916373538e-01
-1.474032523627828162e-01,-5.456897432050827890e-01,-8.349464976001245153e-01
4.659350321613245915e-01,6.572263753272391540e-01,-6.047269147960233626e-01
-1.016856730942463205e+00,-2.143100445797301024e-01,1.219249311180242989e-01
-1.010683422062570003e+00,1.251811265221763336e-01,-4.938952496954961136e-02
5.015118321567748616e-01,1.062572047781868145e-01,-9.256829423721598671e-01
9.862730238221376622e-01,-1.799257695100758281e-01,-1.155408671822921174e-01
-7.209959015864129128e-01,-3.208551968039251023e-01,-5.955584106351439200e-01
-7.893047820542870019e-02,7.708133388393907381e-01,-6.387383481274996333e-01
-7.124962713895347521e-01,7.004485943046455665e-01,-1.225278798064540903e-01
-5.628082226930792853e-01,6.743507063304470250e-01,-4.284434458992842365e-01
9.059611161159102366e-01,3.318675031026344646e-01,-3.057752555819203133e-01
8.937254587597062150e-01,-2.822114483153824183e-01,3.114310752713590480e-01
1.170959174178002882e-01,6.086058322275924581e-01,7.460235813509178415e-01
1.281577518372523615e-02,-8.735537718406449770e-01,4.903384396622275654e-01
-3.638863239546888950e-01,8.697462862299225606e-01,3.782780957480390976e-02
-3.047796441319770011e-01,1.089098546448187682e-01,-8.773964911777399900e-01
-5.856315142959440667e-01,7.508797633979938935e-01,-3.931273725668564811e-01
-6.702082263625904757e-01,3.075741935210181133e-01,7.342194404999484725e-01
5.197056438443076187e-01,6.654719098132324540e-01,-5.521175804275113563e-01
-7.302690261815729666e-01,7.158806156051173986e-01,-1.321932956930362002e-01
-2.075622137548629453e-01,8.899910041613091627e-01,3.781545311903828366e-01
1.897049786402554283e-01,9.396474400675427496e-01,-2.927864543951914089e-01
9.608024080761010666e-01,3.831126571342192977e-02,2.794804876209807110e-01
8.833426311269371167e-01,2.641187194226450319e-01,3.046865627972505930e-01
7.479940162084653954e-01,-2.844220919353092625e-01,-6.335768190681874135e-01
-3.528156108113358891e-01,-6.627269452793072002e-01,6.852277480010416921e-01
-9.359861409835077417e-01,-2.224165723380145121e-01,-2.460273746096411640e-01
2.547142495451418798e-01,6.511742252544759912e-01,7.222759336423315579e-01
-8.864773643773361522e-01,-2.881010804420553462e-01,3.430160581673016296e-01
-1.747788779790060976e-01,9.699088130459103674e-01,2.554995946727925960e-01
4.367222097449662277e-01,3.936562419133867730e-01,7.489666603548990054e-01
1.107027406607256625e-01,-9.916562233758255962e-01,2.587437276074737724e-01
-6.438003972219957793e-01,-5.289212964663916328e-01,5.173112269623645343e-01
9.778910351420050384e-01,-1.334039493527648841e-02,2.230383702087265219e-01
5.355338653465292476e-01,1.215385588436430769e-01,8.571869866584915787e-01
3.164033777120280888e-01,-9.075268216025840218e-01,3.585288131004024659e-01
2.010429836790104952e-01,8.463143044618698374e-01,4.889198695040214981e-01
-1.539028182077487317e-01,-9.284093662516241796e-01,-2.122066025339586215e-01
-7.557112117925964823e-01,-5.146769779355253593e-01,4.548577006866221795e-01
8.068794528386343812e-01,1.847910500510093479e-01,-6.033181340822819649e-01
2.856349441213968388e-01,8.306172500390645030e-01,-4.841827959042623863e-01
-2.360544590996541958e-01,-1.101362219911226903e-02,-1.018094359381895408e+00
8.547285913192002038e-01,-2.320944154059525477e-01,5.128579694730344141e-01
-7.255198978593178083e-01,-3.458708565571269600e-01,5.771815103087314380e-01
-2.219769935121604088e-01,9.674149397497744385e-01,-2.794098004575309435e-01
9.220438913001678671e-02,5.019184977034943929e-01,-8.176747544650082578e-01
-6.825580148526998459e-01,-5.600845796022663192e-01,4.708287368250692051e-01
-2.444428737528462625e-01,9.348597958025042232e-01,-1.939414954548779879e-01
3.749272891180154693e-02,6.097802480692419147e-01,7.747755282905998131e-01
7.873099297017011056e-01,4.633436837691884969e-01,3.730693613557944377e-01
4.815573844276464510e-01,6.852522862729628628e-01,-5.540122043012555286e-01
-9.919239204276656396e-01,-7.418932184847468192e-02,-2.256745467944873407e-01
-3.808249169221296637e-01,5.638407638580786863e-01,7.302331684522623823e-01
7.235144450312736009e-02,7.524354475285908173e-01,-6.057463720309840260e-01
-1.334645086824579052e-01,-3.856346360723307276e-01,-9.406452947341792381e-01
-8.714600806570209357e-02,-9.362789236889382249e-02,1.006005927572237058e+00
2.454371588404303806e-01,-5.064223422409166453e-01,8.123459331382086868e-01
8.881989521048203606e-01,4.060961282067860889e-01,-2.159751286919163460e-01
-6.566727606484921154e-01,-2.184517534288648311e-01,6.864017853642384592e-01
7.444605196174398642e-01,6.334657903546656588e-01,-2.266828715962070917e-01
-5.276094029406386277e-01,3.334112929168793482e-02,-7.958978159627584370e-01
4.718381175133071759e-01,-3.367735152101889451e-01,-8.387268305985200456e-01
-9.238156809121396140e-01,2.969550822570022897e-01,-3.423311651162467828e-01
-4.025100596974046652e-01,-9.348103333628563494e-01,-1.979753176894612221e-02
7.058313747886968414e-01,6.380243807024349456e-01,-2.110210689870783696e-01
-5.053157967407471141e-01,3.181133432553591156e-01,-7.818481788197642057e-01
2.009046028570739273e-01,5.087436319416723807e-01,8.461884282961043002e-01
-2.033037326967235825e-01,-2.688939905770388883e-01,-9.303673916238239805e-01
-9.057636274096249052e-01,-2.932677165531852315e-01,4.003105507184211431e-01
4.995902518197776754e-01,-4.316558297111636744e-01,7.975701543895018508e-01
-4.283390634332378544e-01,-9.549357861627842670e-02,-9.338619230378737424e-01
-9.179919330436380198e-01,3.043075269482553025e-01,2.012044477506046980e-01
-5.470980701801958501e-01,4.911076126236639527e-02,8.673636403110704940e-01
-8.793512752979512070e-01,-3.224004494364410278e-01,3.468127410306989789e-01
-6.844714895435256574e-01,1.553258936968718584e-01,-7.370661308768080566e-01
2.967509349562626464e-01,-4.869328893411923459e-02,-9.646127324447220097e-01
6.684768300343084668e-01,-4.766464945741991643e-01,-5.715449840913809920e-01
1.168218105310142862e-01,7.409519506456834215e-01,-6.507679855658207169e-01
-2.606465658825125181e-03,5.044065482517732235e-01,8.783889906750390608e-01
1.466555610510645313e-01,-4.475532134825335184e-01,-9.488665432837338765e-01
2.042430645327696082e-02,-3.518347322410254052e-01,-9.503828422440597778e-01
1.688150903390743252e-01,3.376450550093711422e-01,-9.591425525128267626e-01
-4.924064549668105695e-01,2.228420045163335694e-01,9.140514609887352426e-01
-1.430333543999273704e-02,-9.597065304658338736e-01,-2.680571681878693435e-01
7.718599673849817489e-01,-3.726793191975190656e-01,-4.967904806828895015e-01
-4.543209518638475775e-01,-8.880771783248122553e-01,1.276005051929807455e-01
9.862636070961430246e-01,2.040325650620545550e-01,-1.869476619567044529e-01
-1.589563094841846269e-01,-8.746948529066126410e-01,4.649826034431949195e-01
-1.646500878214246510e-03,-8.917403418290753558e-02,1.001794676888652313e+00
2.765127875475930086e-01,-8.243846415582337661e-01,-4.894491236893694364e-01
6.478356704087447904e-01,1.213013266046705091e-02,-7.654620099868719718e-01
4.329554552253660482e-01,-2.815869290644716916e-01,8.177915398821204995e-01
5.904690902445688394e-01,-2.515612457770823873e-01,6.951928605634463132e-01
-1.324750694709680640e-02,8.597823935911412807e-01,4.950321567586812299e-01
-5.566268533907872129e-01,-4.577951005036026699e-01,6.509359450057999874e-01
-3.251396544922806053e-01,-3.776459028667535911e-01,-8.492465087793102940e-01
1.570834937094895967e-01,8.227243609750458653e-01,-4.910949177307274427e-01
1.702434190807151568e-02,1.001044260491889215e+00,-8.677187459228860589e-02
3.533136591291107242e-01,-9.146019365885967867e-01,3.162180296527001278e-01
-1.508583104158903454e-01,6.155732123390265098e-01,7.669760870086977933e-01
9.669394644130878680e-01,1.776011331828226125e-01,1.162682537070429539e-01
2.517896564310651009e-01,-7.530898079698430392e-01,6.210500130944883734e-01
-2.614588972423790847e-01,6.907276029783833426e-02,9.592266007180428877e-01
-5.467131898152597369e-01,5.673784875523564253e-01,6.409557048720994077e-01
-3.353738874421643285e-02,-9.292552825229105640e-01,-2.872867505056677651e-01
7.881266243004928507e-01,-4.640672842994292974e-02,-6.342273942448046764e-01
-5.089523319822900627e-01,7.441826508067276302e-01,5.038566462176898852e-01
-4.170014429163130254e-01,-6.091341987792959767e-01,-6.212961683345857855e-01
-5.007822985805610028e-01,8.111117352774731559e-01,-1.478757045172675588e-01
5.924491273409161485e-01,6.943647867854381150e-01,4.463798349244245678e-01
-7.824621813703991347e-01,6.109317655963819593e-01,-9.163141860397594485e-02
-6.361664446464850853e-01,1.900924787784416536e-01,-7.603678184705988663e-01
9.227787778961406007e-01,-3.926240718288576126e-01,1.300503424006695385e-01
3.731978374983648816e-01,-4.458604839114401197e-01,8.121727618939911242e-01
-3.121930620581990778e-01,4.527876616120782294e-01,-8.178219128399325522e-01
5.277972482295573836e-02,8.866152356134309187e-01,-4.407032715914288579e-01
-8.317680916165973715e-01,5.483679896857787117e-01,1.907500761388295774e-01
4.298261013870139924e-01,5.519478104475252778e-01,7.227907281566782194e-01
9.383464058429522581e-01,3.614370431205347622e-01,-2.409557182517299279e-01
3.366903312017852090e-01,9.730865068982367250e-01,-5.936455862380752430e-02
-6.843023016928099223e-01,7.032587049157139614e-01,-1.030332464146976601e-01
-9.020893430157419512e-01,3.565172742783749849e-01,-2.255812056980620040e-01
-3.913621823064484806e-01,8.144412565839688201e-01,4.792524633959441283e-01
7.069150436585920350e-01,-5.222817110334746493e-01,5.053292862936002994e-01
-2.960181952827533602e-01,6.930417927774368270e-01,5.626734599699243500e-01
-6.012106166319652889e-01,6.907456374151508260e-01,-3.527340657392108447e-01
3.580772923410319164e-01,1.841743391119225193e-01,9.148809411934305524e-01
-5.959959030835139115e-01,-7.901972981248386318e-01,-9.424685328048182376e-02
-1.981346952214535495e-01,4.044861592371124526e-01,-9.373463096958480900e-01
-5.941441827600925096e-01,-6.040261125099629647e-01,5.037823941787390458e-01
1.018921629550153751e+00,-1.161316558754910133e-01,-1.321453806356869265e-01
-3.335002803442080332e-03,7.545380468493764203e-01,-6.470165746683935737e-01
1.910389266087374749e-01,8.695275839924246908e-01,4.237229560180461041e-01
8.802236832322922477e-02,3.903722296728115437e-01,-9.377442616260392994e-01
2.856958497860723201e-01,-2.963093367813254275e-01,-9.272418926015509877e-01
3.191912414429213252e-01,9.216472422542520970e-01,-1.442370734091027451e-01
4.004188240363923956e-01,6.889353325718072796e-01,5.764132465127728144e-01
9.147640310267870500e-01,3.902349979176970018e-01,1.725806127992066813e-02
-8.789053763809567821e-01,-1.305901726702181909e-01,-4.666555018255107989e-01
1.013295200673517416e+00,-8.454548959742697045e-02,5.620241560446385953e-02
3.225224554442583935e-01,-2.188447165998672408e-02,9.459477185591311788e-01
-6.069741667257655404e-01,1.417944660334942153e-01,-8.124507370413357465e-01
-9.067456893614287416e-01,-4.262261404783724283e-01,-1.046643743474914567e-01
-2.522011017571304525e-01,-4.507778814870102013e-01,-8.475697687849840234e-01
-8.079292838285290212e-02,-9.310318746754774333e-01,4.018750200589490951e-01
2.123610328392568081e-03,-9.498905827772113897e-01,-2.245054253458921012e-01
-5.237549793346921723e-01,1.586015631030685546e-01,8.676793927748494006e-01
-9.604347860731407005e-01,6.862573924599041364e-02,-8.745070618172587351e-02
6.230561025224199412e-01,1.403156189038237966e-01,-7.749230472641891465e-01
-2.788159295194826415e-01,-6.441109469294377110e-01,7.783822412498757615e-01
-2.941433313277000416e-02,1.026333408621762588e+00,-2.854110368378283760e-02
-2.873918003517977326e-01,-6.000217891183488028e-01,-7.440312138665723385e-01
-9.079542164107961000e-01,1.352539103147724353e-01,2.859731228345114840e-01
-8.666675012612826690e-01,4.283117251995813279e-01,-2.578835478177502472e-01
6.087447342050886223e-02,8.567211401206199506e-01,4.477615916244671035e-01
-1.610779439658515944e-01,-3.582904218191533263e-01,-9.272409495370040888e-01
-5.977369234528353559e-01,-1.602306359558884896e-01,-8.098005876008125270e-01
-5.878840501187835299e-01,7.672989892328078987e-02,-7.780607411507585169e-01
-8.034722809688739087e-01,1.698903669808016492e-01,5.231365204063225249e-01
-6.490032344793835728e-01,8.136068257281383609e-01,-6.601124521937769274e-02
-1.870251951729258108e-02,9.522455239305853691e-01,2.889479969938077986e-01
8.356567912855239477e-01,2.284318028397162859e-01,-5.301748710269684750e-01
2.628907768324234562e-01,-9.838487707416310180e-01,5.105108405791632803e-02
-2.513263941368567567e-01,-8.405284174192363400e-01,-5.288241498650606554e-01
-9.289622774050683152e-01,-3.020136357898322021e-01,3.385435453945503242e-02
7.639917313511433716e-02,-6.649560146287919471e-01,7.890670197493794280e-01
-6.955711615990454177e-01,6.887980129298132415e-01,2.976595472702364131e-01
-3.105286590031124394e-01,7.479501095762706164e-01,-5.268980695107087220e-01
6.088099352516936902e-01,6.360909637911443815e-01,-4.582766778036357902e-01
9.694982896887588408e-01,-2.360350863730272808e-01,1.651040818755835082e-01
2.847715028261155745e-01,-2.070901060218610645e-01,9.289282001176581982e-01
3.031582132816506570e-01,-7.818948876395971359e-01,5.400016325620685675e-01
-7.748460189107571061e-01,4.016340708470942378e-01,5.103408653516460225e-01
-6.590524626850099432e-01,-2.979459744414965083e-01,-6.776504516056539584e-01
-3.206024966870968940e-01,-4.102614617506628591e-01,8.561824758125811119e-01
6.385221448640826525e-01,7.441324534231532617e-01,-3.143771682612485630e-01
-1.511565583955332415e-01,-9.087877086880941091e-01,-4.097733833144704962e-01
3.746423220743306803e-01,6.936506859859318253e-01,-5.355377260365316028e-01
-9.194524772472217888e-01,-9.870954336246970384e-02,4.147198063399274437e-01
-7.988120072052394827e-01,3.430617384044147844e-01,-4.793753516193479669e-01
-1.449977581028747409e-01,1.021029948041977109e+00,-2.889714781339969632e-02
-9.015563403991433411e-01,-2.715896109599126307e-01,-2.330350694817518442e-01
-2.740966159878196473e-01,-1.807496461258209508e-01,9.306942981715410346e-01
5.704695504717980370e-01,-3.461403125897515309e-01,7.311682130241499156e-01
-3.022334010836288387e-01,9.096791949626282792e-01,2.925548520564900667e-01
-1.078448394636543350e-01,1.964660333413816573e-01,-9.536747149395282674e-01
-6.655418980709711940e-01,-7.120504378859279226e-01,5.128213839250564399e-02
5.675364041115943392e-01,7.873190467702678719e-01,2.164419426633049925e-01
2.270722778204971870e-01,-8.868167655453605969e-01,-3.121177288155689289e-01
-7.287608220252984603e-01,-6.111017272202652340e-01,-2.244250661523941592e-01
-2.400361147112566873e-01,-8.933345747453459440e-01,3.174905070383523542e-01
-5.127667037389984639e-01,8.477376277224625556e-02,8.536993394133529645e-01
-3.394712148980471578e-01,-9.113996392271560554e-01,-1.401248503243653631e-01
3.998455085004226639e-01,7.782781772585416480e-01,-5.178300404763271914e-01
6.251149992434958946e-01,-7.620953452253080851e-01,-1.850563751804913115e-01
8.664979052663357439e-01,-5.219438281901904730e-01,7.305035788627446680e-02
4.091404635469506612e-01,9.029714485007175329e-01,1.600861314309701827e-02
4.758528003113597915e-01,-7.775319582708848376e-01,4.112216446936337588e-01
-4.697227544232091545e-01,7.396450771709058847e-01,-5.471897449968587956e-01
2.734973965911742244e-01,-7.870659561423812289e-03,9.689622031961682147e-01
-2.910866076720843021e-02,-7.985374409095261639e-01,5.628392627772421664e-01
-6.953889493192714211e-01,-5.036259167501661027e-01,-4.564757349323083080e-01
3.239933433903893767e-01,-5.342893677788851381e-01,7.612848062690246165e-01
9.813491551129592816e-01,1.488604958826016955e-01,-9.957836104254384757e-02
2.875120144552004153e-01,5.631511468514314167e-01,7.442369857252288945e-01
9.082605598114160683e-01,8.768588916094607888e-02,-3.806019702005971617e-01
-1.825901254159031650e-01,-1.750918716219151683e-01,9.850310636961430166e-01
1.890885789232862324e-01,-9.596109523330301760e-01,2.094506107921138283e-01
3.616140852066605516e-01,-1.178609807860649533e-01,-9.002773776895891533e-01
6.650837524658199662e-01,5.733402506153388867e-01,-4.636894601725891629e-01
1.894058718131985120e-01,-5.767226381876461305e-01,-7.960468153040959338e-01
-4.569493448465113405e-01,6.056815196778055910e-01,6.504766898179880075e-01
4.519797493816281597e-01,7.164521511144378296e-01,4.865495147581442303e-01
-6.566957558217577651e-01,3.242429048440060302e-01,7.059967365353587709e-01
4.999504454957196531e-01,7.618863725999391878e-01,4.536436183392648647e-01
3.118874352314938703e-01,9.215966491086682311e-01,-3.961242726158683419e-02
-7.573657580515108512e-01,-1.531803626103098170e-01,-6.429586116617069802e-01
-6.691788857667348989e-01,-1.645797624074505361e-01,-7.028309232950289420e-01
-1.600255263444010645e-01,-9.910411785987581768e-01,6.161930416682678824e-02
-8.063978895112119960e-02,-7.751094485300739079e-01,5.690587460787354113e-01
4.315256544967638330e-01,-7.783842109478824600e-01,-4.283315718902422908e-01
-5.076644568598882579e-01,-6.565142940042383302e-01,5.052117156363756800e-01
-1.217015127842534655e-01,-1.609508220731183381e-01,-9.725376952065503122e-01
4.036386242504252375e-01,-9.520615511410028819e-01,1.636651404430442686e-02
9.042300391361493550e-02,7.027267736404450016e-01,-7.330792637819603108e-01
-8.769528622040934085e-01,4.962532256082572563e-02,4.936228450650076982e-01
9.144933744935480613e-01,1.449387551986870415e-01,-4.236623774394276398e-01
5.649792477983099914e-01,-8.309226376364422517e-01,3.382069021398374509e-01
1.484285372245457424e-01,3.271886748018855706e-01,9.311029513445315819e-01
5.560667533754984904e-01,-8.556781520936612706e-01,-1.035672338615975796e-01
-9.014528824683666341e-01,-3.945612356364550100e-01,-2.348123948191875865e-01
-5.248450742878586484e-01,1.083898627157494077e-01,-8.696420630915737693e-01
9.571227817574089469e-01,-3.486388376968898445e-02,-1.561663004549545056e-02
-4.585479465885472505e-01,1.366297932920790270e-01,9.288659880985674633e-01
-7.190919578763295128e-01,-5.762480689221984864e-01,-2.664462213866492513e-01
-8.628538730717553173e-01,-4.519119298374391636e-01,-3.093771090544759628e-01
9.277491499667008812e-01,2.452173388711312574e-01,2.240136107949439459e-01
9.446279676262401281e-01,-1.973916176293923352e-01,4.246722965622132251e-01
-2.222850433933421244e-01,3.069167126085969310e-01,-8.827716739354657394e-01
-8.857725996300227500e-01,-2.150975942051566725e-02,5.172330877935005233e-01
5.147572531911813742e-01,5.705377244420873906e-01,7.373546062376084009e-01
6.083386689769221950e-02,2.105144479476457609e-01,-1.014269778399136346e+00
-2.148972987420575964e-01,4.143337679371847937e-01,8.914651247330501738e-01
-3.658774868403054104e-01,-9.002796702108714078e-01,-6.752381519898106865e-02
1.697295077243803352e-01,-5.286809168661966707e-01,-8.409283875228655836e-01
-3.856181883553860268e-01,-8.442395827638429218e-01,-3.457128281314947871e-01
-1.344434740957889118e-01,-3.393272291345459934e-01,9.239303987034378496e-01
4.459120692679954812e-01,3.679591571146913487e-01,7.964785913185756794e-01
-7.741672944371417175e-01,6.460490534849792077e-01,-2.541161157175276381e-02
3.310508491952196541e-01,-5.659888517765473415e-01,-7.244512742241580039e-01
6.141682583190511968e-01,2.963630977840249758e-01,-7.685050537781532576e-01
-5.439174318637529648e-01,5.486790603976458014e-01,-7.258585657853349193e-01
8.684575465509327685e-01,-4.754917635032182011e-01,2.905670944007396894e-01
-4.129283652192619614e-01,6.377305814573327458e-01,-6.334300444457412471e-01
-1.703132028595921998e-01,-7.714072871501557321e-03,-1.000470752964733423e+00
7.692960110535433937e-01,-5.816117088151112613e-01,-2.752739582181535360e-01
-3.214007180204659919e-01,-9.350224807864722099e-01,-1.006940343484391959e-01
9.622975045511630299e-01,2.878037335823712684e-01,-9.222502153812633247e-03
-5.295327688552186052e-01,-4.715265360063937428e-02,9.028303915999328355e-01
-7.022194813787184797e-01,5.901415744034598232e-01,4.137821349792076275e-01
8.382992370177986263e-01,4.898091140847112834e-01,2.187910845909813926e-03
7.056114455703781374e-01,6.266199246501849007e-01,-4.345126822811138378e-01
-3.637334081486969795e-01,2.846292254208086445e-02,9.111922999876013174e-01
-6.208554832939029433e-01,-7.707852012589940793e-01,7.392844664573597346e-02
2.599681962696893597e-02,4.753606918429407191e-01,8.879952829797177483e-01
-1.093874357542933690e-01,6.149213507918576127e-01,-7.341262542654195533e-01
-4.797492797655631414e-01,-4.797372304454285141e-02,-9.172780998027509902e-01
-1.436532277297477012e-01,9.991325664517172189e-01,-4.412837356610292694e-03
1.439052925284594608e-01,-9.232276839584153683e-01,-4.036895384529817776e-01
-2.956340372874011191e-01,-2.296570794519812164e-01,9.351384583655714122e-01
3.999486228318368530e-01,-9.302184900883503360e-01,1.567382308097309551e-01
2.677318294170826785e-01,5.968813038284446204e-01,7.778604047733583826e-01
-6.321675256306503732e-01,-4.572342852359183030e-01,-6.949921477836580319e-01
-2.636630046564685248e-01,4.035965499524142297e-01,9.035833183700827664e-01
-2.761223872722709527e-01,-8.934728430600007432e-01,2.646979760964405237e-01
-3.254040962491058231e-01,7.950913925485691980e-01,-5.819433181122602994e-01
7.792947146461326469e-02,1.005814856144837233e+00,-2.523947182579840479e-03
-5.154391820938853952e-01,-7.945010707496442670e-01,-4.077604324870520158e-01
4.710567688922029927e-01,-7.443073644147428780e-01,4.614530029467114880e-01
-9.264170972666231352e-01,-2.126293690874209719e-01,-3.206545800103740018e-01
2.862226731381642408e-01,-9.081065367952689815e-01,2.721928590748102783e-01
8.266726178501244693e-01,-5.604666530427135918e-01,7.596611186005533534e-02
-8.775580931425304154e-01,4.911195874789103799e-01,-6.729690424930286075e-02
-3.491899717606018472e-01,2.074373755271183839e-01,9.338532973935288473e-01
-1.606208639293542906e-01,4.527446823831666189e-01,-9.127957227534888585e-01
-5.277617610097398160e-01,2.543446503255791802e-01,8.119854912697553884e-01
6.334519872284797293e-01,-7.735436857096084085e-01,-5.442324500238603091e-02
-8.009236901065907022e-01,3.533470878209084010e-01,4.659429672956497681e-01
-6.712519065807045493e-01,-6.404893109715390498e-01,3.252816541602953082e-01
-2.233452452111485131e-01,-1.122649154922869541e-03,9.187689119999591369e-01
-3.675909016573147836e-01,-4.882438702840829481e-01,-7.857478043827813563e-01
7.194760909004002114e-01,-2.438478762862578975e-01,-6.558760798512076606e-01
6.328953599362697746e-01,7.254278744461761796e-01,-3.418661687651626258e-01
-8.480750043717601994e-01,4.193295829705747657e-01,-2.920482869939665660e-01
3.110118441262528233e-01,-8.704052619785513922e-01,3.854908185020295974e-01
-8.635052538621040830e-01,5.024968747922644585e-01,-5.901571221411205763e-03
-7.924923347972160359e-01,-3.582641713804357031e-01,5.149276316444604262e-01
3.521167365833114543e-02,2.684653128927922960e-01,9.623284839712172856e-01
-7.475862634929748562e-01,7.162969135834034162e-01,3.638919380607213983e-02
-5.404591688466358068e-01,-8.156127295718480497e-01,-1.710242263710836652e-01
4.983609284534029626e-01,-9.971450447473972911e-02,8.740542354188474139e-01
-8.069079572899631181e-01,-2.290966901927908583e-02,-6.386772131144239362e-01
3.000568476132593476e-01,8.394147640945520683e-01,-4.603935761141527139e-01
-1.003455449216481776e+00,5.362137410242454050e-02,1.340249895285351989e-01
2.307116512711148426e-01,7.021308420031514563e-01,-6.816825668194663734e-01
3.236156011411233102e-01,5.395673624793840828e-01,-8.506712839047182451e-01
4.219105717976278647e-01,-8.752860005319184067e-01,-1.680714259335268079e-01
2.896613906315342879e-01,-5.421199568061113583e-01,-7.368196079332368642e-01
3.603016765445548643e-03,-6.786480918791265582e-01,-6.937360504193099686e-01
4.358215912122191393e-01,-7.616518250241420818e-01,4.529553597842760904e-01
1.947987350572785714e-01,-8.915655026801341254e-01,-3.799318938266343926e-01
7.235417412718201380e-01,-6.207708471311208509e-01,-3.386368813322456206e-01
4.628293175224635347e-01,8.338233773607794941e-01,-3.232740083772570605e-01
-2.735040980507439934e-01,6.245354677214214334e-01,7.436207699190116038e-01
7.488250384751277133e-01,6.771873625138000174e-02,-6.566967656784304941e-01
-8.122662628679762076e-01,4.260129674714166481e-01,3.785934384107572659e-01
6.414768867408666697e-01,3.180890872532078362e-01,-7.165747634082698658e-01
6.275379851074440740e-01,-7.291274248837487093e-01,-2.584720408453440865e-01
4.227089435637750026e-02,5.493468784995982901e-01,8.429505308621199067e-01
7.072425741290285783e-01,-2.900841282049279046e-01,6.214820918278971540e-01
4.231355649136943620e-01,-1.924263496410098528e-01,8.794529679191817051e-01
2.219391790751549520e-01,5.592281187214951377e-01,8.142345878681547244e-01
3.408700479470294087e-01,7.531044493684460051e-01,-5.557874222404469711e-01
-4.266597631580170136e-01,-8.296876054580480941e-01,3.103811937585132519e-01
4.163595519376580567e-01,2.302894368773094891e-01,9.120069691132715040e-01
-2.584636360981590331e-02,4.803038905330661579e-01,-8.508925561015648897e-01
-3.793655936917658122e-01,5.740094898569002568e-01,7.116143396370349095e-01
-2.102116014362342411e-01,-4.591619526565734327e-02,-9.538595098253800364e-01
-3.625226181007010773e-01,7.948122014085434728e-01,5.320500133515563279e-01
9.954971128088034860e-01,-1.860840345362099746e-02,-1.497293678208815038e-02
-6.905250058919403244e-01,6.149576071755782358e-01,3.351976466131447174e-01
2.069934099428120955e-01,-2.803974219169829141e-01,-9.678084662365459279e-01
7.272197344339391689e-01,-3.347212869923006928e-01,-6.210602094145507568e-01
4.983133438068345633e-01,-3.547333984194549483e-01,7.852335709419524523e-01
3.540709130576574215e-01,3.821211165443646474e-01,-8.564895371070045949e-01
8.975815606580359596e-01,2.025206622951924718e-01,-3.066205346769866891e-01
7.072129836718080154e-02,-9.477860537583097100e-01,1.848458968886763920e-01
-4.674425833029168809e-01,-6.347329637891951926e-01,-5.907373734539129728e-01
5.409587424884036988e-01,-3.151295971234471804e-01,7.386172102581860521e-01
-2.459249220225616928e-01,-7.611720019905734436e-01,-5.316214840486461757e-01
8.665132638762169659e-01,-1.495528807945300798e-01,-4.835522955848937099e-01
9.529747869241292357e-02,4.071088049968279443e-01,9.157389491374030577e-01
6.977630812716227870e-01,-1.860165876617028979e-01,-6.676978850463293202e-01
-4.500272359773608288e-01,1.981559156682435596e-01,-8.337161266370514134e-01
-9.858044373065500965e-01,2.853832757556344357e-01,-2.899529574453654779e-02
1.026887739631995866e-02,-9.634074548386389880e-01,-3.023528081701728487e-01
-5.929194167888189870e-01,5.036857008328835539e-01,6.123726159720124240e-01
-7.301594765639409790e-01,-3.642534677662436771e-01,-6.018195705682063412e-01
-4.539862672387464104e-01,-7.471002682036451126e-02,-8.628079589910029323e-01
-6.730891405209087353e-01,-7.350281705292514012e-01,1.412058598210945981e-01
2.677438611265183302e-02,-9.381128937885077068e-01,1.902147525543450013e-01
-3.180986734870581145e-01,-1.911328932562499361e-01,9.379475472901260824e-01
6.460734455306279544e-01,-6.607694977925595570e-01,3.832089061012929343e-01
4.586272588825901497e-01,-7.269664733484488828e-01,5.023004067463817668e-01
7.031630870160011648e-01,-5.408003382826748195e-01,-4.500287568321979514e-01
8.645377121079931282e-01,1.995181892543295976e-01,4.639099674292794240e-01
2.680879013209492290e-01,2.527663408175373494e-01,-9.323833708535088638e-01
6.633519507845577756e-01,7.319385296327530765e-01,-1.393105337368278906e-01
-6.122608600737736162e-02,-9.297523565079318653e-01,2.867114100298390755e-01
4.093948190564621892e-01,-7.592384471842344995e-02,8.726174775180168819e-01
-2.958824932684814835e-01,3.975232834803205662e-01,-8.584073206361049202e-01
-2.585684250778950699e-01,-6.617608156239292994e-01,6.103748791665208895e-01
-4.531372423024823126e-01,-1.640915975168663887e-01,8.946654975167944723e-01
-1.798935770501899067e-01,-6.835791227293184225e-01,7.403281512709551926e-01
6.905631289996785327e-01,-6.604712837939232806e-01,3.358409372383472924e-01
-8.539379170903880212e-01,3.162583899113454167e-01,4.396421829402435422e-01
-2.176448487847569835e-01,-7.505200309535735581e-01,-6.403181672711378836e-01
-7.422775418385547663e-01,-6.703956681228392389e-01,-7.274786248614430184e-02
-4.095397431385850440e-01,3.482248229931134698e-01,8.052647231816578710e-01
-7.463802232160438033e-01,2.315363155816659302e-01,5.546115021286324165e-01
5.009761032153515758e-01,3.120450466597329137e-02,8.939105720267326305e-01
2.960598515520579954e-01,-7.768002420025387211e-01,5.473740044542052541e-01
7.446990572939949926e-01,-7.068581152314347138e-01,2.949050697812247157e-03
4.878550472744984656e-01,-2.049613409834118993e-01,8.519379859478988237e-01
8.207254104860499666e-01,-2.570708370582521218e-01,-5.252858623410452399e-01
3.469780131148158531e-01,8.510562449386145367e-01,-3.344151980602508845e-01
6.954402834456262505e-01,-6.668103164058457599e-01,3.317835059736081726e-01
-2.666840709647650409e-01,5.946897747532379208e-01,7.472892483317534751e-01
-5.834925882622501447e-01,-4.755908863808996356e-01,6.654666199606503740e-01
-9.770908607241082233e-01,-2.389541772068627390e-01,-3.102288521520448275e-02
-9.382586887347307281e-01,-3.220058076086480120e-02,-3.745062235935449069e-01
-3.111313470482637844e-01,6.907640650151597450e-01,-6.447229460227426046e-01
8.645196754364476988e-01,-3.745118662723611602e-01,-3.426521483735799345e-01
7.934560546409477055e-01,3.164288390632595815e-01,5.571233612544860270e-01
8.007521154557928345e-01,-3.367028801294438822e-01,-5.471616362298992176e-01
-3.539810977539457615e-01,-2.910127177500671514e-01,8.897951515929437560e-01
4.783450334850225527e-01,-5.635637151974004500e-01,-6.163906900701225933e-01
5.525759990061533955e-01,5.966192713760598565e-01,6.285883065575548212e-01
-6.667988930809956027e-01,-3.704410975078603618e-01,6.703838297187797446e-01
3.272384449773500792e-02,-9.752857101380396632e-01,-1.238096081854689751e-01
-3.019177373150018773e-01,1.135371745019550516e-02,9.676463576854392734e-01
3.424094352541048325e-01,-3.136470216231354580e-01,8.879968685550175822e-01
5.173558250462725328e-01,4.214917794776669724e-01,7.322115147012052683e-01
8.088578823324338307e-01,-4.997871306855284357e-01,1.817249955010564466e-01
-6.707099888282097577e-01,3.562717432127313621e-01,-6.494627301528533847e-01
-4.743802698601944368e-01,-3.038910035837441570e-01,8.042078938448036229e-01
5.788876990030051850e-01,-8.398168086800966714e-01,-3.377485672566318819e-02
-5.155639927226325359e-01,-8.657291772679871489e-01,-1.348707925156315546e-01
-1.401220043121647052e-01,9.838553627564735615e-01,1.906507877269817963e-01
-7.778665430870371766e-01,-3.098321057088255781e-01,5.554975213517313604e-01
6.025157564903729224e-01,-4.650096202561554426e-01,-6.254751361849520963e-01
9.047507831831086422e-01,1.370356654171989708e-01,-4.216655769944253063e-01
2.230654499963468929e-01,-9.885137590998164248e-01,-1.671483712634729696e-02
2.158715192589556742e-01,6.258254439943594649e-01,-7.050364308271354075e-01
4.460978238634232679e-02,-9.802759916116731143e-01,2.153095817985698213e-01
-6.653678851989285326e-01,-3.201780014671287145e-01,-7.095627136364712761e-01
5.653064693033891253e-01,7.623525418638756879e-01,-2.024905679328894981e-01
-2.891486344770247477e-02,-9.728953903687539428e-01,-2.027596631256458060e-01
-1.966375730339669017e-02,9.128804676284422159e-01,-4.092983121473099950e-01
8.298012402266550236e-01,5.608793520348563932e-01,1.386173486546368461e-01
9.251616576852286222e-01,1.776239032976394128e-01,1.748365706125469266e-01
-7.749357137632620351e-02,7.428646593627812322e-01,6.756951356183560353e-01
-3.972308275468630079e-01,-8.982651671631690649e-01,-1.341392508727251853e-01
-5.653602218935479540e-01,-3.923596944258994634e-02,8.303413937301760139e-01
-1.006276683639316438e+00,-2.136393298470338209e-01,6.646766881574839303e-02
3.087981212319526603e-01,-9.345291617451199073e-01,-2.850362463121109968e-01
1.327043059328471275e-01,9.393006807239968614e-01,-4.159785563223905580e-01
-8.943414085415025694e-01,2.742443964447059956e-01,-3.445370166794383127e-01
-8.539493757097301740e-01,-4.929303653502022375e-01,-1.505098456674528462e-01
-2.700286263635723327e-01,-8.794374742572292902e-01,3.236576281671158517e-01
6.902651408647580977e-01,3.217191862018130011e-01,-6.595347802368876078e-01
-4.796907172897190152e-01,-3.458884698946798619e-02,9.273277582990686607e-01
6.069387439841739118e-01,-8.050434149989071919e-01,4.192976785740266943e-02
2.698668853496679065e-01,8.299434473356170905e-01,4.121671780387741735e-01
5.146375457005593068e-01,3.024252292083626226e-03,8.820331499671951736e-01
2.672554555377159025e-01,-5.198650929986435854e-01,8.199339680875520342e-01
6.918381690418669017e-01,-5.157655695179036437e-01,-4.999505475431081369e-01
4.778976439561323786e-01,7.637783689287663824e-01,3.198932628808569545e-01
1.114306019325542463e-01,8.338878216141536459e-01,5.192479019542497465e-01
1.309238339862497935e-01,6.598595313387757288e-01,-7.521111609595213521e-01
1.926867591308593364e-01,9.472868782760658357e-01,-1.866316693950485495e-01
-5.594210180916705522e-01,-4.155364288999414124e-01,-7.066742263930053669e-01
-4.987448286258130414e-01,-2.278023918369918022e-01,-8.424752295016088022e-01
1.516675792047466123e-02,7.052351786299293490e-01,-7.136551720459294312e-01
8.169375795140836338e-01,2.279049155942749483e-01,5.579794251179374109e-01
-4.437312297390889060e-01,5.386949559810714216e-01,-7.097439525809609018e-01
8.528567915352610607e-01,1.915440426812035080e-01,5.213812073849373174e-01
-7.241440909182842445e-01,-5.801142758851476344e-01,3.643793685005656813e-01
-5.409498008297628502e-01,2.497794811701269102e-01,-7.521318613210270509e-01
4.838780512296636527e-01,-8.099345142042990719e-01,3.332155990241271737e-01
5.524914959283910854e-01,-6.735183447425610037e-01,5.372268875836959667e-01
1.623742640928929060e-01,-5.061858489082797785e-01,-8.520622057870954613e-01
-7.786250748174408098e-01,1.359927176408690652e-01,-6.181068127258265710e-01
6.111561281193728101e-02,-4.282953261202754880e-01,9.024899178927249244e-01
-4.073053003468520838e-01,-4.338370630828089491e-01,8.003855660596098653e-01
5.079052320579953150e-01,4.607501446982696369e-01,7.961306917610565526e-01
-8.592191217230931155e-01,3.804648655787340461e-01,3.790967264117888202e-01
-9.542958602256389478e-01,-2.362767738998669265e-01,-4.830820546809212052e-02
-1.106380867925893380e-01,2.166352807735024144e-01,9.454472045596188368e-01
5.837606626170899204e-01,-7.796595199186497904e-01,3.245541617486776831e-01
7.374521929916957319e-01,2.139096453712020784e-01,6.313141083080879845e-01
8.998082639573135033e-01,4.544286068190971362e-01,8.446918813955339722e-02
9.887365040360532875e-01,1.233370508266280058e-01,1.978966856439513811e-02
-2.483902173006198866e-01,8.168602302327714337e-01,-4.905866669261179647e-01
7.268470154635428004e-01,2.483990691623350899e-01,-6.978530776881313180e-01
1.506597039702875229e-01,-9.110012023958902194e-01,2.750791532773705361e-01
8.274943099455561724e-01,-5.773372960652884966e-01,6.855299609581808062e-02
8.388282859722244744e-01,-2.372091697163299651e-01,-4.796092942053831742e-01
6.176526163178623907e-01,8.119725449682959617e-01,-7.952029426500355214e-02
5.065547931752929500e-01,6.753730593500943957e-01,-4.258952100001057173e-01
-2.464838849059494130e-01,5.739153250256994188e-01,7.617952838415135153e-01
2.482922627852305331e-01,-3.948128659525032558e-01,8.522782603314735805e-01
-7.942283198944012357e-01,-5.002638952083564572e-01,4.555944206297494192e-01
8.971376457950235306e-01,4.779962677962064088e-01,2.018292699666111301e-01
6.394672601871339568e-01,-1.240462722223661246e-02,7.676743685085382074e-01
-1.038369739641289202e+00,-1.230470024321588807e-01,6.566532324798909914e-02
-9.419586476671534259e-01,2.198170278682022860e-01,-1.805477440588627025e-01
6.697610130262721118e-01,6.796416579881149334e-01,-1.992984687857591586e-01
-3.755780982521011446e-01,-2.124719803044810840e-01,-9.241963049365790051e-01
1.069458617980503651e-01,-5.448947526195619950e-01,-8.910127930445246314e-01
4.818717624751870376e-01,5.015231961613557665e-01,-7.156512475186499467e-01
8.012262780283221364e-01,-6.340849332481608425e-01,1.881532925350561658e-01
8.286240611977799819e-01,-5.168109385525375410e-02,4.745276263514953685e-01
-8.682967747500210942e-01,-3.699513429199488557e-01,-3.424788120271406999e-01
-4.374106278114855417e-01,-5.865041760045174718e-02,-8.767808931554659235e-01
-7.874324684705074073e-01,-4.899317689817790922e-01,-4.204793390768859496e-01
-5.604181175088316369e-01,-1.961831268945306572e-01,8.455915388250199172e-01
4.918779802931402267e-01,-4.384639730681658687e-01,-7.184315632211718539e-01
-8.910841865303459342e-01,-4.638458415888905284e-01,-3.273938125692699708e-01
