1.420371217873440395e-01,8.856857787816695415e-01,4.420250641064086827e-01
-5.112703822762767469e-01,-7.709409068564210266e-01,3.798061536395496707e-01
-5.391629783363253159e-01,7.102867159991731461e-01,4.525439910844171743e-01
-2.291853987293037132e-01,-7.759482428666432119e-01,5.876890141915696031e-01
-7.929810078611716773e-02,5.930794928894349560e-01,-8.012293843374227453e-01
-9.976688548720769045e-01,-6.160291441380210536e-02,2.935876281392986453e-02
-3.707594971674433859e-01,4.358026321036456152e-01,-8.201301488859429334e-01
-3.564309894707664017e-01,1.410475779773230909e-01,9.236138427349501745e-01
3.232409259397864831e-01,-5.631017298251351777e-01,-7.605470042446621504e-01
8.286878222660367665e-01,1.975581991987321595e-01,-5.236862144045111300e-01
7.942265167572717388e-01,4.229861276288203464e-02,6.061477274047533115e-01
7.811225272187705300e-03,7.625512121789432829e-01,6.468806950003774814e-01
-2.553949466078479502e-01,8.060375962603021360e-01,5.339258512772058207e-01
7.414655999789943053e-01,-5.613818462559313494e-01,3.675312051269550850e-01
4.235947724244665813e-01,-7.495293839889091148e-01,-5.086975243815039516e-01
-9.410411348217022631e-01,-1.364786248940757230e-01,3.095402518583085238e-01
6.735396756806865115e-01,1.878691978234566656e-02,7.389122795901063023e-01
-6.343864343831208119e-01,-7.720444351942156169e-01,-3.874586373169318365e-02
1.587719004786404264e-01,-3.127142239624645242e-02,-9.868199338074378213e-01
-9.047777552689321989e-02,-8.990930506297208913e-01,4.283053331970629873e-01
2.750566385410366799e-01,-8.411393096161139393e-01,-4.656484805226286938e-01
-7.648331703365983669e-01,-7.033735830248454002e-02,6.403771369903017430e-01
-8.175168223219176911e-01,3.674154756362728591e-01,-4.434772975966699837e-01
-6.152175040412360962e-01,-1.075529065176971250e-01,-7.809864243511965842e-01
-2.534402494467005162e-01,-5.192587357337662413e-01,8.161730241343221337e-01
-1.346724823879102972e-02,-9.701342485775882318e-01,2.421944940779477140e-01
-2.382032814743000326e-01,-4.012235514148878579e-01,8.844652952405199775e-01
6.497980732833419371e-01,-5.223385698765317109e-01,-5.522000383706943127e-01
-1.142967206495373450e-01,-8.275020410027227324e-01,-5.497059502907801765e-01
6.282913526609543720e-01,7.664666513409600368e-01,-1.333373486823690168e-01
1.705961640986092820e-01,9.179584603851725921e-02,9.810557942568369771e-01
7.319493503449071570e-01,-1.136756745839027638e-01,-6.718094890201856684e-01
-8.991061087354320636e-01,9.109919993528842186e-02,-4.281461678046176167e-01
-7.475908769142052268e-01,-3.469672621112083188e-01,-5.663228759088773101e-01
8.887004961537998682e-01,4.580107599255159312e-01,-2.091822001130559661e-02
8.489620188264317413e-01,2.382561207705114620e-02,-5.279164998361988159e-01
7.810887420901072575e-01,2.661806371859083975e-01,-5.648435583127400239e-01
-1.392096938235458103e-01,-5.372336622639841686e-01,-8.318657663805993918e-01
3.490605863571070722e-01,7.455049580901466078e-01,-5.677843468386929437e-01
5.136869715217847743e-01,-6.881682878671612213e-01,-5.123964313524803638e-01
-5.760040843923830423e-01,-8.172577029252235947e-01,1.758242795178144996e-02
-9.643234694435518506e-01,2.501253338200132847e-01,-8.670388492898001287e-02
-2.452571200164936627e-01,-8.170213402120319879e-01,-5.218477505167098407e-01
5.394220673492149398e-01,3.504331556633314415e-01,-7.656503357724975256e-01
2.878092167763794326e-02,3.877034583185748340e-01,-9.213347312216135787e-01
4.884585390320721476e-01,-6.918216121751635805e-01,5.317810757953043144e-01
-3.110969901090224754e-01,-7.047951579694228252e-01,-6.375597603738515362e-01
2.492030288598292512e-03,2.265402296249244551e-01,-9.739986212241407149e-01
3.289781930482716943e-01,-9.428102368457577098e-01,-5.368617883161572180e-02
-8.762948762386790769e-01,-4.816182024766417769e-01,1.229621571893445287e-02
-6.482504156060662215e-01,-3.031427381185184400e-01,6.984811228605749545e-01
-4.047532187250536539e-01,5.180886663938356618e-01,-7.534978206245628307e-01
1.655990263610789270e-01,4.847472732545902163e-01,-8.588347009410498556e-01
-8.223785642833165710e-01,5.219968287006515606e-01,-2.263024697915897443e-01
4.472957441593260475e-01,-8.907808871808357010e-01,8.022423754874882795e-02
-1.727427184380333491e-01,9.658463696742708438e-01,1.931340037737273585e-01
3.904321939702172783e-01,-6.098566280537951467e-01,-6.896648426086815498e-01
-6.429841122970966216e-01,4.708127789067379498e-01,-6.040751265791610702e-01
1.095334676098432963e-01,9.193142443677775333e-01,3.779731995470918537e-01
-2.871394848321793813e-01,8.963618449560248891e-01,-3.377667229869479315e-01
-6.933133029497542399e-01,-3.441999928632809569e-01,-6.331216540806511306e-01
-2.348051149633182122e-01,-1.100492892041570955e-02,9.719801693072340765e-01
3.165942330206647504e-01,-2.952333216518234216e-01,9.014462698378024053e-01
-9.469029409835469924e-01,8.547035452037740622e-02,3.099510265426944078e-01
-7.983529855899379468e-01,5.802391477526712693e-01,1.611056852345258694e-01
-1.953881860169951190e-01,2.541856480068521162e-01,9.472133408648364394e-01
2.503726654172276911e-01,3.714139722285237921e-01,-8.940722507970495503e-01
-6.020598786662683111e-01,5.320086128810024295e-01,-5.953912481056387040e-01
3.768706031259220351e-02,-7.564641576239689025e-01,6.529484387876687279e-01
2.462478260888795734e-01,8.524142724478969146e-01,-4.612503834942833225e-01
-2.703331680173822194e-01,-8.732424305509410845e-01,-4.054227864281564897e-01
2.681004301414929292e-01,5.794674121993558247e-01,-7.696360682536443898e-01
5.145345991857648293e-01,8.233413674589298292e-01,2.395060309712552238e-01
7.714709623999962407e-01,-3.395976116426973057e-01,-5.380576329169575178e-01
-7.537841300343604001e-01,6.047593499078369739e-01,2.570517730096270048e-01
-8.569291779072700510e-02,2.019145231444958999e-01,-9.756470925410697381e-01
9.986544820888673124e-01,4.060362392229302508e-02,3.225788474455786037e-02
8.175695681538536208e-01,5.257074774669442396e-01,2.349715926746538397e-01
-4.027582466977622233e-01,2.104719780803371021e-01,8.907790641679307342e-01
6.184126318524585386e-01,7.422191117824761264e-01,-2.582181381509595086e-01
-9.868010182437710887e-01,-1.599061689465461344e-01,2.556887807267301665e-02
4.170615253846636783e-01,-6.860504867971897180e-01,5.961496570569814191e-01
-1.757678850579086349e-01,-4.035905688497712362e-01,-8.978977131710424997e-01
-9.072589063818137234e-01,4.199582298417787740e-01,2.272359960558403488e-02
-6.956359351978191885e-01,-6.925756553474960997e-01,-1.908654166721713286e-01
7.203505282669894205e-01,-1.298221806441849646e-01,-6.813525650045342275e-01
-1.059194475160140508e-01,-1.092417702426449200e-01,-9.883558601395328047e-01
-1.369075846501508487e-01,-3.774867886882779522e-01,9.158384342399444877e-01
8.465985051458347899e-01,5.132221380924042453e-01,-1.409752036944766085e-01
-4.128104807557809730e-01,9.107675568456451431e-01,9.484955223686664452e-03
-1.660983871921652144e-01,-3.855083110712704264e-01,9.076313502006958522e-01
-2.197134188155257517e-01,-7.135064576025664795e-01,-6.653078599804983506e-01
-8.271110688485443230e-02,-6.180083486058425279e-01,-7.818085148240337956e-01
4.015365526078942815e-02,-1.950921650213931491e-01,9.799626172035662552e-01
-8.581447068823349067e-01,3.388792514361033126e-01,3.856792903384074767e-01
-9.678334834942364795e-01,-1.716581244917168292e-01,-1.839343266587233905e-01
-7.200288791358250284e-01,-4.023453854678002983e-01,-5.653995083152926204e-01
7.435610337703849604e-01,3.936901119837666885e-01,5.404859709414532309e-01
4.632070123157494002e-01,-8.006341319941229218e-01,-3.800319071177241104e-01
2.954147498230086377e-01,-8.399772973007232357e-01,4.551574075046803114e-01
-3.364166094824393438e-01,-4.920985484390513198e-01,8.029090132066762919e-01
3.152887382650991777e-01,-3.175879950149916309e-01,8.942767339842624397e-01
-8.133568613381655377e-01,4.160375730677015049e-01,4.066489320163833576e-01
-2.614566783961027596e-01,2.106939373093019985e-01,-9.419386764026523862e-01
8.272637712868058379e-01,-2.136231331188737370e-01,-5.196150591666944818e-01
5.267190851673082541e-01,-3.886024250834206328e-01,-7.560126722084744566e-01
-7.459642750828159308e-01,2.663327381468705846e-01,-6.104131165787310964e-01
5.367502541078053024e-01,-6.623967249028571702e-01,5.226181622878935951e-01
2.700382521195819896e-01,-2.317126832835586236e-01,-9.345526067577654139e-01
3.116926744919639169e-01,-6.965604101976789753e-02,9.476263570719732909e-01
1.677983930051176187e-01,2.520455429688208127e-01,-9.530565269565349773e-01
-5.843920669039995297e-02,1.536928896279766699e-01,-9.863890483978414725e-01
-8.887508974679024787e-01,4.495141578717172792e-01,8.977117645925437872e-02
-5.808565647285275357e-01,-7.228283007801579452e-02,8.107902587523401206e-01
-5.730706608460675033e-01,-8.030404398513929509e-01,1.634505112892978840e-01
-5.002848136052296946e-01,1.825034796838432005e-01,-8.464086395939431906e-01
8.960932381626932619e-01,3.927048528421900331e-01,2.068811423820266782e-01
4.411185401611277257e-01,7.686892556320665815e-01,4.631751955814719657e-01
-7.896484541468269391e-01,-5.486073756974960691e-01,-2.747458210670961076e-01
-2.195241746829950519e-02,5.322877971539734521e-01,-8.462787911606124425e-01
1.365880023758334338e-01,-7.724090319897335410e-01,-6.202644636827601143e-01
-6.538424009338842380e-01,-4.302764803924056802e-01,-6.223763051098085697e-01
-5.863149256572163237e-01,5.833430812994064851e-01,-5.620904352963914663e-01
9.826662085671009628e-01,1.760993539277620756e-01,5.793220250071096089e-02
-7.106041904507838236e-01,5.186379987713845008e-01,-4.754537945418035316e-01
2.975106043922927726e-02,9.982757268285586960e-01,-5.060086587850314704e-02
8.284976021451092576e-01,-5.578926318473778068e-01,-4.845136293449951725e-02
6.724567103532372858e-01,-2.563799949427851832e-01,6.943135249251880525e-01
6.126869593197000752e-01,-5.591895734586819211e-01,5.584995172913559403e-01
4.773399814755832082e-01,3.022709818232867107e-01,-8.250932042093646057e-01
-9.286084503668005086e-01,-3.498724912463389014e-01,-1.235944407182212462e-01
3.862643612004544869e-01,9.344502551071816321e-02,-9.176425613896219691e-01
3.954504464458468704e-01,6.702072631146824833e-01,6.280455149701389406e-01
7.534424641607821993e-01,5.783619287083705540e-01,3.127649798491862199e-01
-6.657151619019595346e-02,-9.712928488011637329e-01,2.283822127484058939e-01
1.210358697936810973e-01,1.733939750660919987e-01,-9.773867441468943040e-01
-7.424205717601929377e-01,6.683693318739239997e-01,-4.576167433204923751e-02
9.996466408013691129e-01,-2.643513670063537754e-02,2.788742038474591872e-03
8.462191574189122933e-01,-5.290118511143351299e-01,6.371498252225005210e-02
-6.552003046674306219e-01,-6.173888816470949337e-01,-4.353659720077528994e-01
1.312076118971999550e-01,-3.860680177491453979e-01,9.130914785778472265e-01
-8.745281889474934012e-01,-2.126530337512228808e-01,-4.358659587219659848e-01
8.100200190387016885e-01,9.238031853428944895e-02,5.790798265386599697e-01
-8.647566806915674142e-01,1.301605624593067112e-01,4.850300105968490816e-01
3.139739294852698231e-02,8.818699769837158309e-01,-4.704461153105380933e-01
5.091614155779087270e-01,8.479012872309823479e-01,-1.477093768138742769e-01
-2.280033088200761338e-01,6.580678656973061313e-01,7.176079537628391458e-01
-7.135383234623857707e-01,-5.825210281648859345e-01,-3.892715153928062999e-01
-7.029001176260304407e-01,-4.819200049102619343e-01,-5.231486724714167202e-01
-9.652723276932106966e-01,-9.285442943240976299e-02,2.441871993461424972e-01
7.307179308584154098e-01,-5.016303307683006585e-01,4.630532547939613108e-01
-3.691093832248062423e-01,-1.337977032839530178e-01,9.197045383226846171e-01
-9.537670924671922679e-01,2.789157591564332406e-01,1.119568337390310364e-01
1.799638374364440074e-01,1.041773172453682866e-01,9.781411471698279181e-01
-6.187512739773767256e-01,-5.182879885807225584e-01,-5.903595699608180647e-01
-4.090157356090889929e-01,-4.597609386937439591e-01,7.882423531348738965e-01
7.931775603274877628e-01,-3.506113069667768922e-01,-4.979368124772288740e-01
4.486722152015477083e-01,-6.270137929513877051e-01,6.368256800372062987e-01
7.200902143642008701e-02,-7.128165354596864844e-01,6.976440980951669202e-01
9.149832871910962284e-01,-3.389694264391443501e-01,-2.188728217492829642e-01
3.272440626095272087e-01,3.950064816626037145e-01,8.584178486793845320e-01
9.167097210680326125e-01,-9.831097008826626682e-02,-3.872702421561383113e-01
-8.795419452156477691e-01,-4.742155111866095396e-01,-3.905912897514441512e-02
9.481202303413901467e-01,-3.001667597431501022e-01,1.047279578846419812e-01
-2.296930408758427258e-02,4.213862638639616076e-01,9.065903306877388657e-01
-4.499891792295387383e-01,-4.132024678617685076e-01,7.916902545372591637e-01
3.180852432933999885e-01,9.067738277187001872e-01,2.767363426862391451e-01
-3.171689015979557991e-01,4.308312744238249614e-01,8.448599297146769382e-01
5.627658314811688767e-01,3.398740407112774697e-01,7.535119477273716226e-01
6.041378027065966716e-01,7.242126562909760867e-01,3.324658535982512042e-01
-1.773144483072505717e-01,8.816421743734483008e-02,9.801972542224121066e-01
-8.504525589597048407e-01,3.217630258556058442e-01,-4.161718396902104322e-01
-1.371492186483565419e-02,9.914747930281844202e-01,1.295748266754020717e-01
2.307073410703454678e-04,-8.899821350071297488e-01,4.559953356584622863e-01
2.675804530487504995e-01,9.515424190932545434e-01,-1.515510666817707630e-01
1.101500328751749136e-01,1.345255919123770627e-01,9.847689248642153004e-01
-2.196781784118445602e-01,3.649394496843441082e-01,9.047434420838550428e-01
2.621533474451769319e-01,-9.142594013091148719e-01,3.088775963730404639e-01
6.926401628854241821e-01,-7.179284748378111924e-01,6.948604014553896868e-02
-3.591248919347034274e-01,5.584480500247877011e-01,-7.477734198381219555e-01
-3.591219405843472101e-01,2.018404963020455634e-01,9.112035150521953231e-01
-5.759666262755654825e-02,-3.034380851212717944e-01,9.511088018476662187e-01
-5.508230203869401986e-01,-8.210097939885476759e-01,1.501230108500729854e-01
-3.990369498458222197e-01,-7.723468495305149117e-01,4.942164067268818850e-01
1.358806742307162863e-01,-4.142064230469276742e-01,-8.999830451054483538e-01
7.993700263150234075e-01,5.879477078375690002e-01,-1.237944016410575943e-01
6.863696812284528770e-01,-4.194793934363825194e-01,-5.940822326686741039e-01
-9.535429581966257118e-01,-1.159455155928098974e-01,2.780511900487850907e-01
-2.127928899814191810e-01,2.314234227808804334e-01,-9.492957312459262553e-01
7.876470214271060755e-01,-6.683330440979624865e-02,6.124912073317259065e-01
4.000788920591428210e-01,5.552548197362857652e-01,7.291289085534556902e-01
2.699390501082886140e-01,4.059331336950172120e-01,8.731272531510960722e-01
2.184051761993745788e-01,9.608582793911939479e-01,-1.704422070225400654e-01
5.902889700872266943e-01,-3.000270911871192880e-01,7.493615124538737238e-01
-5.841414730584988668e-02,-9.960689326454624792e-01,6.659180740195938530e-02
-5.686651465009324724e-01,6.260811513519117799e-01,-5.335188310424828773e-01
-2.409816164414971817e-01,-9.412665912498070497e-01,-2.365270909097134389e-01
-8.133792265092234519e-01,-5.302129057187069394e-01,2.393501796376660828e-01
5.693581519481013542e-01,2.965193513121290869e-01,-7.667513085138342177e-01
-7.847622209466335874e-02,-3.735062486051206332e-02,-9.962160475460524189e-01
8.567906176926058937e-01,4.940454579483479769e-01,-1.477461434844572485e-01
-9.365298988440878825e-03,8.373880943551217926e-02,-9.964437279491401567e-01
-2.267636145627241195e-01,-5.587090718314214888e-01,-7.977608890912863959e-01
-1.729114458668631893e-01,9.307245283121187152e-01,3.222630668978604396e-01
-3.871653684717812904e-01,3.354020031056392237e-01,8.588413554136961059e-01
7.925495092779152317e-01,1.630761629862641920e-02,-6.095894823518467343e-01
5.722494593442316591e-01,3.089075819140250645e-01,7.596753662692139475e-01
4.539648563870606890e-01,7.776151387292441486e-01,-4.350064426931786743e-01
5.268733661174754834e-01,6.883174965168169235e-02,8.471520798038146838e-01
-3.954225222959110164e-01,9.140866699103824544e-01,8.992546220780388289e-02
-7.409499632887980303e-01,-5.598062278740294495e-01,-3.709584062071906718e-01
4.413282647085561283e-01,5.588720062098724295e-01,-7.020622788928964075e-01
-2.623820372755899730e-02,7.797487401707480226e-01,6.255425316213779618e-01
9.728550643653900432e-01,-2.219504916242868303e-02,2.303484393940845032e-01
4.581673862265174813e-01,-8.582131387647788934e-01,-2.314148972081694622e-01
-9.228622340635221910e-01,1.955573680201465325e-01,3.317869990706655003e-01
-2.574582239613712464e-01,7.485279693952137103e-01,-6.110819437258266928e-01
-8.252516896641870492e-01,1.029307803191945453e-01,5.553061346404216669e-01
8.164678167134248321e-01,-2.460649529325963925e-01,5.223335555078693071e-01
-9.500318316831296572e-02,-2.436252167078205300e-01,9.652052367097661012e-01
2.697488081174639341e-01,-7.164651324439942348e-01,6.433609364199984748e-01
8.694690850177301256e-01,-4.326405684956050046e-01,2.384232553469373406e-01
5.874736111089049473e-01,2.835939556689609509e-01,-7.579242868246764964e-01
-5.310229902417406000e-01,-4.826954463611884266e-02,8.459814625010065869e-01
5.054037527454737777e-01,-4.192986146782440304e-01,7.541589477289900589e-01
-8.093657515102803401e-01,3.146943358143853287e-01,-4.958775607834480237e-01
-2.263543641594431000e-01,-6.402358063636961472e-01,-7.340720768942257113e-01
8.809629561815917054e-01,-4.013977086281077522e-01,2.505676542251525363e-01
-2.084037843712006344e-01,9.716951599458304445e-01,1.112491743682137435e-01
-7.723370808933894827e-01,5.574416623548243965e-01,-3.045557856094148197e-01
-7.211648992675950831e-01,-2.074452747754730875e-01,6.609747695923708921e-01
8.283965663968301252e-01,-4.028348423084904262e-01,-3.892084513525312928e-01
-1.748281909750736551e-01,9.703985306310133341e-01,1.666187126032171451e-01
3.554431326959399673e-01,9.143234312784530582e-01,1.940949315012947540e-01
-7.571151045863807605e-01,-6.050349423743752730e-01,-2.463928507753221087e-01
-1.202425975493748300e-01,9.921389860044766973e-01,3.466915321417855106e-02
9.811984675821510127e-01,-1.790165820344639114e-01,7.212926293216001539e-02
-9.089388695871599699e-01,3.927189437480891887e-01,1.400070090209813989e-01
2.574522073883177553e-01,-7.902103950722740855e-01,5.561347790154856918e-01
-1.217800937466594347e-01,7.018100948631388336e-01,-7.018776243158395545e-01
4.067019521454046105e-01,-7.840651920405621311e-01,-4.688659688562537564e-01
9.878935593882879340e-01,-1.196610931858737847e-01,9.872962117166689255e-02
8.691915698840541049e-01,4.775216342659048818e-01,1.283709610874404217e-01
1.329768784772277779e-01,9.904147656395335675e-01,-3.735962785735958552e-02
1.044370410259868459e-01,6.814531281086779746e-01,7.243718234806170164e-01
6.542354396965559538e-01,3.452096536934570747e-01,-6.729088232754101284e-01
7.947926498443742549e-01,-5.914416473441201916e-01,1.360199306727929713e-01
-9.288785288752333669e-01,-1.248971453849107155e-01,3.486909543840829850e-01
1.665522863531111730e-01,2.326854861749702019e-01,9.581846379660179380e-01
3.848581388577093643e-01,-2.699646615156233720e-01,8.826116328758277785e-01
6.365634737900351947e-01,-7.036907704927444218e-01,3.156045680272877019e-01
4.270896543141736723e-01,-2.189267955939933341e-01,8.773058106206440554e-01
-6.727250255894622333e-01,2.678823801469212840e-01,-6.896956360253975182e-01
-1.651833329177862519e-02,-6.098755808883213891e-01,-7.923250093878106970e-01
7.537209595372900139e-01,-4.290432614747646811e-01,-4.978218506024856271e-01
-8.242310907218522997e-01,-2.504792843335506558e-01,-5.078417442542687565e-01
7.964444064163826997e-01,4.866604497086743364e-01,-3.589399868744171940e-01
9.084431040543250457e-01,3.913348726337566585e-01,-1.469290446333330336e-01
-6.889958708618619809e-01,6.138457640201496757e-01,-3.853285194867144825e-01
-5.448841153185615127e-01,3.207476321924799256e-01,7.747401224387607810e-01
8.663251275469300294e-01,3.403074621503346942e-01,3.656112752440683900e-01
7.280779892702883282e-01,6.467008057595217130e-01,2.273334761316939956e-01
7.402090189842573664e-02,-1.345940570563411987e-01,-9.881322512129933067e-01
-1.852215117592707350e-01,-9.799805731660050645e-01,-7.301416163210146248e-02
-6.683538396429898887e-01,-7.375162449013747956e-01,9.681391191893828907e-02
5.922558588237831767e-01,3.897992508503771991e-01,-7.051875932866288332e-01
-6.066236323575303624e-01,5.292847313866086978e-01,-5.931824692169865854e-01
-2.347774107900709173e-01,4.416907263616183799e-01,-8.659034990279552702e-01
3.924945012698653757e-02,-9.077917636110993671e-01,-4.175806444084532165e-01
1.606898297859031821e-01,-9.571717929191664309e-01,2.408338378286689896e-01
-1.189571918351297469e-01,9.259351629507706072e-01,3.584595660908355130e-01
9.425856935350543919e-01,6.141427801512179541e-02,-3.282689397413678933e-01
1.526833664747642982e-01,9.873792537776581169e-01,4.207135381001689961e-02
-5.064334972564006089e-03,-7.324482356044145215e-01,-6.808038885547481600e-01
-5.605544602141920851e-01,6.649448609613999306e-01,-4.935858881846199031e-01
-5.404327732779140581e-01,-5.543797749473338143e-01,6.329261273612316607e-01
-2.368739397746066899e-01,8.397433681638994951e-01,-4.885916621069230636e-01
1.012363082139374620e-01,-3.778621590830048005e-01,9.203104903413535931e-01
-8.811642972309360333e-01,1.932169533061141864e-01,4.315283191641231531e-01
7.959859780714674260e-01,-5.007125020054579156e-01,-3.401371973910581881e-01
-1.979044215144409348e-03,-1.987906312918466534e-01,9.800399830081341079e-01
8.182360675287722040e-01,-2.220878503867443898e-01,-5.302515671882975790e-01
-5.024330115275594394e-02,9.490209158660651845e-01,-3.111830842735644476e-01
6.737676017453743116e-01,6.962087783629956617e-01,-2.476500671685591126e-01
3.031859383842777644e-01,9.228706782626692195e-01,-2.374615715627388102e-01
-2.010484281002486995e-01,-5.014681592298766422e-01,-8.414922547694768662e-01
-4.822854805834103642e-01,-8.760090361155616900e-01,2.980580868477987911e-03
-4.547013538264523813e-01,1.099933683242949184e-01,-8.838258526163779161e-01
1.295281761644740681e-01,3.643863074829451487e-01,-9.221957875085146084e-01
1.873318679560425082e-01,6.804105881708444326e-01,-7.084830292625966530e-01
8.908635170045767770e-01,2.097482074454945500e-01,-4.029489837977482392e-01
-1.929840648880413179e-01,9.768733483508240667e-01,9.206308696289497440e-02
4.521480796177478334e-01,-8.826040977170492852e-01,1.287327494892260282e-01
-8.392171196759238283e-01,-8.506224321154079449e-02,-5.371024490939011464e-01
-4.386765735291648927e-01,6.731947107627909155e-01,5.952913112398948714e-01
4.295957372377587902e-01,-8.636189320459132235e-01,-2.638367729468787948e-01
4.539096431083189942e-01,4.333073370066545249e-02,8.899935299822354651e-01
6.879111107134682213e-01,2.885027791939158703e-01,-6.659913288882587379e-01
1.233395007693544321e-01,-2.761570401278570230e-01,9.531655977519266632e-01
4.967554445662327178e-01,-4.484730737831688629e-01,-7.430383101733589735e-01
-8.371011632528908564e-01,2.112395992954980983e-01,-5.046181468894421762e-01
-6.627406733785680126e-01,1.096223042074232629e-01,7.407818506618377707e-01
-6.475049011934583265e-02,9.956466585198974206e-01,6.704554726055624025e-02
-1.532185430461826536e-01,9.285964799121334545e-01,-3.379832178697632084e-01
2.836990707298429615e-01,3.551226594827295302e-01,-8.907315723543972608e-01
7.580264607023300405e-01,-1.725951412732556478e-01,-6.289728150595730316e-01
4.626723129036846016e-01,-8.865290866040973494e-01,-7.137767576385440835e-04
-4.830725327108172096e-02,9.187163308315876575e-01,3.919524368399157632e-01
-4.529804320694281322e-02,4.968192915985939484e-01,8.666710326168132195e-01
3.563774013646845984e-01,-1.999065380296819947e-02,-9.341282147312992556e-01
-8.370359615188871505e-01,-2.599885019126574326e-01,-4.814320076577422447e-01
-4.201482669511831247e-01,1.967310079731221170e-02,9.072421963747807627e-01
-2.538984120668233424e-01,9.638469746688562712e-01,8.083690847402985602e-02
-8.984951994831409383e-01,-4.319876311744643704e-01,-7.805807464974798271e-02
-6.168350519473645432e-01,2.776870181632062340e-01,7.364811189926863122e-01
6.207075780907174156e-01,-1.318133421281145745e-01,7.728824912868531571e-01
1.368156098798900544e-01,-5.060749226570276926e-01,-8.515689411614759674e-01
-6.061109883250273000e-01,-7.556142100658594929e-01,2.483478113014202793e-01
2.694206226213602950e-01,-1.021518745068149270e-01,9.575894332338168446e-01
5.426636631945075395e-01,4.342022211012458999e-01,-7.190163974757896037e-01
-8.416511256267419361e-01,2.937626822492350187e-01,-4.531300798324618406e-01
-1.227382944720839669e-01,-5.445132820714999600e-01,-8.297232048808850235e-01
4.670146641790500208e-01,6.756956397971374262e-01,-5.703794401982477114e-01
-9.684877849078585843e-01,-2.112805697343288769e-01,1.318784718481632590e-01
-9.950733157621286518e-01,9.463818866372884775e-02,-2.954165710672396888e-02
4.687914619452795417e-01,6.875615285691780154e-02,-8.806288415964602656e-01
9.841395661525131899e-01,-1.706951776452565184e-01,-4.829565882972549490e-02
-6.876333524925620777e-01,-3.387515734047529259e-01,-6.421898037618195554e-01
-9.977692972948996875e-02,7.633393696240956539e-01,-6.382456980471116204e-01
-7.513556933942110438e-01,6.508371522331842796e-01,-1.089753333424736126e-01
-5.166205275378488171e-01,7.228062534102540626e-01,-4.589709691881898035e-01
9.070478861867051767e-01,3.276357139157030085e-01,-2.644219565981192344e-01
9.111196055947609063e-01,-2.753876135819373627e-01,3.066312550711241536e-01
1.263010030668729466e-01,6.325618463201287955e-01,7.641423736479816542e-01
-1.508924612383718243e-02,-8.792068285227765401e-01,4.762012886693350877e-01
-3.431277296802447974e-01,9.379618939712454084e-01,4.990838188476020426e-02
-2.847670613513736404e-01,1.008497643478478978e-01,-9.532770037089359771e-01
-6.016856802294622275e-01,6.876954919102621355e-01,-4.062625414840896343e-01
-6.556616318499903784e-01,2.995394186506522005e-01,6.930973677588431192e-01
4.774537201847871559e-01,6.787587525820476531e-01,-5.579646053962289409e-01
-6.972615329094800085e-01,6.968357161056820681e-01,-1.680664734091940893e-01
-2.084813424582928065e-01,9.054035733585066303e-01,3.698376660055535115e-01
1.800641786153751311e-01,9.377735041903856317e-01,-2.969137019708838476e-01
9.648164887135658452e-01,1.531067984641801272e-02,2.624780489661303062e-01
9.060464179260828699e-01,2.874573016070112730e-01,3.105610862875932132e-01
7.309774976264872270e-01,-2.878413302611906865e-01,-6.187239017180338196e-01
-3.588551220074122639e-01,-6.550872062265269413e-01,6.648937912534370609e-01
-9.436777934040961879e-01,-2.151355370050200833e-01,-2.513740697716007610e-01
2.243445260214209369e-01,6.643292638176815368e-01,7.129769721945311556e-01
-8.848501530797401315e-01,-2.979618428180886291e-01,3.581325827388638916e-01
-1.773269647775468361e-01,9.443247390978356526e-01,2.771388364891993472e-01
4.674234948779324439e-01,4.234811202914672834e-01,7.760019440650797184e-01
9.695434300362847091e-02,-9.591892959022190190e-01,2.656233235228792067e-01
-6.580791721026750807e-01,-5.385436219630677090e-01,5.262153271119704989e-01
9.734818419528089573e-01,-1.581480947657103869e-02,2.282169914563464685e-01
5.404028829222502495e-01,6.991359148277513647e-02,8.384967584047660072e-01
2.591152185621898307e-01,-8.960499536364516793e-01,3.604910319239320593e-01
2.318070997866107652e-01,8.650104424283703297e-01,4.449970819886297502e-01
-1.418469568743368492e-01,-9.727332539053759053e-01,-1.834923910470118158e-01
-7.313823950060963641e-01,-5.067965831734567717e-01,4.563299415541962611e-01
7.855616723537800494e-01,1.743809567898000623e-01,-5.937037483777630742e-01
2.887137397258416338e-01,8.379856899910145263e-01,-4.630597800109638729e-01
-2.155478405859098390e-01,-3.475157563072565209e-02,-9.758747134801337708e-01
8.173773050872251700e-01,-2.241733058112648780e-01,5.306982853656059262e-01
-7.426039009646556721e-01,-3.801704524591298373e-01,5.513709036112590667e-01
-2.335667661280654284e-01,9.423149113121664922e-01,-2.397690006636001570e-01
1.042555450983869286e-01,5.229610615897593018e-01,-8.459565647107126773e-01
-6.737019724230746132e-01,-5.796084009627581191e-01,4.584536551132005200e-01
-2.245287549841732955e-01,9.484150103270649890e-01,-2.238209247849048122e-01
5.540172734529569959e-02,6.068965551340372855e-01,7.928475389213213154e-01
7.945603423746432359e-01,4.644097478309025528e-01,3.911488827098028032e-01
5.037379490392880355e-01,6.786410890416696429e-01,-5.345038362463158110e-01
-9.732025925942998645e-01,-5.250282595065309393e-02,-2.238753381570391943e-01
-4.026187650769843529e-01,5.290489873644304009e-01,7.469975227378967686e-01
2.269216109475540033e-02,7.756381043604968495e-01,-6.307698446255214364e-01
-1.167976487774071009e-01,-3.655215316692133065e-01,-9.234458939896054153e-01
-8.593478074494911856e-02,-1.070217712907909624e-01,9.905359932521883293e-01
2.672375513956830040e-01,-4.835671479180002064e-01,8.335147896579223614e-01
8.907705709814877082e-01,4.109494623112039946e-01,-1.940317739429468780e-01
-6.628989891048399086e-01,-2.707035237462170896e-01,6.980576856357665338e-01
7.544720428152913438e-01,6.205409645017213593e-01,-2.137775666093020832e-01
-5.430584705316140459e-01,4.993515654933884662e-02,-8.382087912472984126e-01
4.638758833427059636e-01,-3.224547035093947578e-01,-8.251315828628138505e-01
-9.119499880020683902e-01,2.652527976679946442e-01,-3.130306258376788775e-01
-3.870846129124659862e-01,-9.218393429078186596e-01,-1.943523382127270230e-02
7.120923827804983564e-01,6.724628003649011365e-01,-2.017875628263227084e-01
-5.030167729879430061e-01,3.326186363958412162e-01,-7.977085738632671008e-01
1.796717820606009153e-01,5.105538946020194979e-01,8.408643002517576237e-01
-1.533962995170402022e-01,-2.591690419920766320e-01,-9.535727465523475832e-01
-8.959847817865710384e-01,-2.762413933595219140e-01,3.477095963611882556e-01
4.575804781583178160e-01,-4.424540060332129987e-01,7.712681495780613350e-01
-3.769333047345757026e-01,-7.730586346824373789e-02,-9.230087146150359745e-01
-9.125422079877473225e-01,3.156222955236813177e-01,2.600947619795696553e-01
-5.560129237922915024e-01,3.655561132025304805e-02,8.303693851876705612e-01
-8.611460589569869262e-01,-3.023048990640348488e-01,4.087043101616782970e-01
-6.776918562073688257e-01,1.345156157327893898e-01,-7.229379621753441176e-01
2.472502143886241011e-01,-4.276748708672371835e-02,-9.680073726646230003e-01
6.999563363472360855e-01,-4.832795620200512343e-01,-5.258345672747869459e-01
1.008015480393588681e-01,7.242220043401293994e-01,-6.821594654788823986e-01
2.094869475335486148e-02,5.006985262477410270e-01,8.653682094932022562e-01
1.364415076722323705e-01,-4.275699896293843061e-01,-8.936261069107461763e-01
1.241160439742794268e-02,-3.483129042483630311e-01,-9.372961500029499682e-01
1.511725339965620529e-01,3.386824269477449745e-01,-9.286770583156687131e-01
-4.478014904605451818e-01,2.489142852837274433e-01,8.587872284349630236e-01
-3.099514425620223876e-02,-9.640623444130558273e-01,-2.638618902330151506e-01
7.775732606243501710e-01,-3.996345464653639490e-01,-4.854606612625158579e-01
-4.676443534237972321e-01,-8.800305822771202768e-01,8.279452257143070371e-02
9.691211942491594344e-01,1.752676725388759571e-01,-1.734513010037340985e-01
-1.833929077943363961e-01,-8.674761889800426395e-01,4.624414589149629662e-01
-3.940629630560185670e-02,-6.509218413813960824e-02,9.971008732197568225e-01
2.663974928959568778e-01,-8.363936241666398708e-01,-4.790387053591203537e-01
5.996554814946378764e-01,4.203529320194812624e-02,-7.991535131868345854e-01
4.048947267692882823e-01,-3.254860600289259942e-01,8.544700608922876084e-01
6.105338870288479214e-01,-2.860161829116742993e-01,7.385412079918638462e-01
2.385205935656349932e-02,8.710593749679843567e-01,4.905982516732354526e-01
-5.933977036452980913e-01,-4.535165689518053100e-01,6.649826215734282453e-01
-3.323308945746626386e-01,-3.884907653507319591e-01,-8.594365024528611841e-01
1.611939076881798993e-01,8.678751250971136200e-01,-4.699034915404269319e-01
-1.577540246318285752e-02,9.967240899208752447e-01,-7.932354788162085391e-02
3.274906715804088431e-01,-8.885030199550698615e-01,3.214222200759206394e-01
-1.540397034059822479e-01,6.257663856208440789e-01,7.646490700979253763e-01
9.712740685844529764e-01,2.099175653985958789e-01,1.120772030010090542e-01
2.824666163781268113e-01,-7.569145241268736557e-01,5.893157165710758427e-01
-2.549689467472513460e-01,9.612699494139535783e-02,9.621592576274128339e-01
-5.274996467442859549e-01,5.536488950013334076e-01,6.443733574166892186e-01
-7.302266600690311693e-02,-9.561133674619992640e-01,-2.837515089117947920e-01
7.716003465055402133e-01,-3.732532570915009923e-02,-6.350115946447246751e-01
-5.006053696521461926e-01,7.264821147501475673e-01,4.707632109920989461e-01
-4.354454268220313007e-01,-6.304254051992085328e-01,-6.426127050869697710e-01
-5.135130043755843365e-01,8.374224129892340329e-01,-1.871579454911016516e-01
5.507780587186279497e-01,6.997660029912050605e-01,4.549407336036777605e-01
-7.966052177765926556e-01,5.982112924572540180e-01,-8.696767553366524517e-02
-6.072983486991103685e-01,1.830326146337790671e-01,-7.731026954083499714e-01
9.060166622959066052e-01,-4.006906400796554912e-01,1.363114763867710189e-01
3.502423516488647470e-01,-4.473811892963466819e-01,8.229096952735819315e-01
-3.080210523535965583e-01,4.931090752769359264e-01,-8.136132196483215617e-01
3.688096992894000087e-02,8.787682855603990983e-01,-4.758214942080042364e-01
-8.256949482250008909e-01,5.371139781504483679e-01,1.724425323147180944e-01
3.757201551579126275e-01,5.486045957952720986e-01,7.469051897533046658e-01
9.187643368678226619e-01,3.183499304016994547e-01,-2.335067774456734135e-01
3.172663918230034796e-01,9.447102577924488820e-01,-8.285267310918383032e-02
-6.872019505580758691e-01,7.193892598196788279e-01,-1.011561763080745524e-01
-9.126802631659574061e-01,3.355427807951015251e-01,-2.332933335601539426e-01
-3.825885866764371923e-01,8.016153172688154083e-01,4.593896564627276136e-01
6.981483279658567964e-01,-5.029708034976579922e-01,5.095186777610793971e-01
-3.179071709146400471e-01,7.249812098776368119e-01,6.110133190081928900e-01
-6.360382861441425950e-01,6.789350121012385220e-01,-3.667458900954621015e-01
3.829453065081611096e-01,1.671418639744221557e-01,9.085243472414629151e-01
-5.594074376188593600e-01,-8.230897032332636920e-01,-9.791148639500811546e-02
-1.889875310133572461e-01,4.132154554763129983e-01,-8.908067694382313384e-01
-6.078466998329885573e-01,-6.100734435783222720e-01,5.082644812916129462e-01
9.893962886333188544e-01,-8.417281186341933619e-02,-1.183635154159411451e-01
1.629509018288835195e-02,7.609765388832925304e-01,-6.485747276182878274e-01
1.811081931005363577e-01,8.775405898780694880e-01,4.439846117922430779e-01
4.908571916218910230e-02,3.346778044136985986e-01,-9.410533244227751171e-01
3.031729376751030602e-01,-3.303834785643252059e-01,-8.938304799866606531e-01
3.269224975295475510e-01,9.377233713633160717e-01,-1.174587562000358743e-01
4.068857044459593952e-01,7.088925249583182264e-01,5.761210042827249467e-01
9.141364014413944084e-01,4.045840344591499216e-01,2.581469776183972775e-02
-8.735741496777224002e-01,-1.492927598455265070e-01,-4.632276728268187038e-01
9.942495363909001904e-01,-9.807425625983924589e-02,4.300348410953802603e-02
2.904715367666800274e-01,3.966744412799241316e-03,9.568754105248847841e-01
-6.476957940966937555e-01,1.477369340097709483e-01,-7.474382627607755181e-01
-9.020583378834157173e-01,-4.293424343611689231e-01,-4.422475677530451205e-02
-2.830070151140097190e-01,-4.342954038725613808e-01,-8.551576062758416974e-01
-7.557410994967299345e-02,-9.012786834371460110e-01,4.265973378809568839e-01
2.371841593903781589e-02,-9.749630928505746974e-01,-2.210981780218562731e-01
-5.117030156521065187e-01,1.801854239153040937e-01,8.400554962506954215e-01
-9.942490543103871259e-01,4.126526037257555179e-02,-9.882305545410134673e-02
6.163627667338658078e-01,1.683964902351160475e-01,-7.692460996720544841e-01
-2.630228600920267445e-01,-6.019525652356696455e-01,7.539708776041731397e-01
-1.334483442630842766e-02,9.987143229037982461e-01,-4.890415750160780756e-02
-3.002486468439020117e-01,-6.141757355667202267e-01,-7.298211533721695732e-01
-9.508594129430162356e-01,1.342579714930693946e-01,2.790003116633183455e-01
-8.516777306187242047e-01,4.498160583073169683e-01,-2.689062231652673551e-01
5.585121614371475751e-02,8.749504458419102848e-01,4.809806222461674996e-01
-1.317503366748437321e-01,-3.859139371898392956e-01,-9.130784642453803057e-01
-5.899101685616677804e-01,-1.937247979029211031e-01,-7.838856394302787800e-01
-5.710948296030017302e-01,9.448380218826359089e-02,-8.154284191299490114e-01
-8.495074850444864767e-01,1.525337637747422870e-01,5.050450314200731761e-01
-6.356005144383968242e-01,7.686352162657843490e-01,-7.219342325791243409e-02
-3.840425032396827670e-02,9.546825171584153447e-01,2.951379423068576369e-01
7.972504887428838449e-01,2.159674226871093616e-01,-5.636929399390417927e-01
2.569942273279743894e-01,-9.642565916031226037e-01,6.452280736318169452e-02
-2.537042737311085983e-01,-8.260600196972007758e-01,-5.032484330312725351e-01
-9.567078056599540581e-01,-2.894304048672700080e-01,3.066293083975832681e-02
6.956026319127037172e-02,-6.513732047259654934e-01,7.555622528619244660e-01
-6.697718866760725698e-01,6.827560383690938206e-01,2.919757042784802414e-01
-3.092757030545141839e-01,7.779010130540850998e-01,-5.470087324618905233e-01
5.916392977746360859e-01,6.516925452588706591e-01,-4.746153893235556254e-01
9.608401705444349350e-01,-2.064606259462292981e-01,1.848247185904320078e-01
2.584840279896554738e-01,-2.142357642572934595e-01,9.419602139089189308e-01
3.229838578867049170e-01,-7.699923818404790232e-01,5.502664440543750812e-01
-7.553093462955110526e-01,4.418583760757250345e-01,4.840133953625363472e-01
-6.814682794048101400e-01,-2.685414095159869841e-01,-6.807984250424016226e-01
-2.997662051382540271e-01,-4.042208275740447054e-01,8.641445161617149484e-01
6.484025494251455246e-01,6.978763879238828460e-01,-3.042082856815142566e-01
-1.324905113839974502e-01,-8.911766510461942570e-01,-4.338783712324187913e-01
4.127959778917177358e-01,7.112627017273034369e-01,-5.689506567075899301e-01
-9.250870949476396321e-01,-1.031417906775783239e-01,3.654800100924254780e-01
-8.045011675119642103e-01,3.594165915735053063e-01,-4.728610632876963371e-01
-1.187760812178225850e-01,9.920253345662707334e-01,-4.216607770727568566e-02
-9.275235638883979616e-01,-2.996022651606188858e-01,-2.234692845614158485e-01
-2.522784910105942413e-01,-1.795553833902484020e-01,9.508498447541537946e-01
5.666600359348756832e-01,-3.722849610868231296e-01,7.350512304750383974e-01
-3.056973881048042352e-01,9.118464658832424741e-01,2.740166592784854527e-01
-9.242307100305417744e-02,2.471907693825466379e-01,-9.645489616802398469e-01
-6.883549489287421608e-01,-7.223590059289325405e-01,6.606762322554921019e-02
5.937483766462414714e-01,7.758991194036860550e-01,2.131746273329389318e-01
2.299773331115472219e-01,-9.289047390289023598e-01,-2.902523248219510132e-01
-7.697535319004908949e-01,-6.118357448072535565e-01,-1.820343964828442240e-01
-2.358976081167841188e-01,-9.154931797920413672e-01,3.259210889755943530e-01
-4.787081640287983997e-01,8.857306182454992294e-02,8.734948805867160937e-01
-3.508291780369988677e-01,-9.292605367184372245e-01,-1.157313386064709182e-01
4.161453493013275717e-01,7.608042740766925993e-01,-4.979958883379588808e-01
6.501063622252657437e-01,-7.348746489676629690e-01,-1.931863558817902005e-01
8.593582160367523315e-01,-5.061464672727296055e-01,7.293291573402418959e-02
3.738728640436349004e-01,9.254663964585752023e-01,6.108216235357914053e-02
4.653432837070569650e-01,-7.749823534864016539e-01,4.276189660122799996e-01
-4.847818972281618399e-01,7.202640093588539294e-01,-4.961917662982452404e-01
2.885684945141858138e-01,-6.139138581431018843e-02,9.554890484571838538e-01
-4.472260005996351456e-02,-8.256242646241515049e-01,5.624450752808719534e-01
-7.137875755158412661e-01,-5.202088435765088725e-01,-4.689243607491602184e-01
3.314298887304261698e-01,-5.382628970078802144e-01,7.748724298623751450e-01
9.810532215278596757e-01,1.758456277764735287e-01,-8.131968840143309618e-02
2.940317295322138480e-01,5.849450826949128546e-01,7.558998559725598199e-01
9.120462667719830829e-01,7.839604146071756097e-02,-4.025241209549784704e-01
-1.718794878605943710e-01,-2.059247813456568377e-01,9.633547768504202580e-01
1.774470345741849531e-01,-9.631593257499584393e-01,2.020808331873993613e-01
3.342003226501071289e-01,-1.461183328326376707e-01,-9.311066411269843801e-01
6.641293504961535143e-01,5.605238373719710898e-01,-4.947173269124068851e-01
2.038099716485883839e-01,-5.693691184872202715e-01,-7.964171660440823031e-01
-4.777246805894557746e-01,5.845465314979898519e-01,6.558082662405011476e-01
4.868195802934809358e-01,7.107667784239882769e-01,5.077571101734216219e-01
-6.222871649910338698e-01,3.534307581631190853e-01,6.984592926374914024e-01
4.685186449180743229e-01,7.609881425344076078e-01,4.487619929162489640e-01
2.845696562414780084e-01,9.572642950505905191e-01,-5.162538298069149767e-02
-7.570981035403977488e-01,-1.662528951301401603e-01,-6.317930329438429249e-01
-6.502894397194313170e-01,-1.678246754316321254e-01,-7.409173522773343512e-01
-1.799073866797272769e-01,-9.793165203600775470e-01,9.258771607454623076e-02
-4.179412244925911207e-02,-8.055034529110858266e-01,5.911154190824448040e-01
4.390430621567513736e-01,-8.088962643476323988e-01,-3.910601272137933515e-01
-5.421268175689073487e-01,-6.506567206605436970e-01,5.317371018951714268e-01
-1.159891897885703682e-01,-1.442631700049243904e-01,-9.827179888616678349e-01
4.186065964711894738e-01,-9.079140806349506043e-01,2.146018582396224186e-02
1.217510591029588030e-01,6.980082096745249265e-01,-7.056636726049262398e-01
-8.656826931779252332e-01,4.540863930531111731e-02,4.985293674485527515e-01
9.087099368452992154e-01,1.292282015121099525e-01,-3.969210533752998704e-01
5.664664447796032842e-01,-7.540310677282779928e-01,3.324949861867239065e-01
1.553755395833932851e-01,3.499004663596032016e-01,9.238117261328206986e-01
5.289844722846206437e-01,-8.446849969140742820e-01,-8.174768541085268569e-02
-9.052639763355416758e-01,-3.637167315829953340e-01,-2.195615456216026828e-01
-5.530752331898507457e-01,1.069538954104934242e-01,-8.262376478281011627e-01
9.986225118296747638e-01,-3.860709120395902638e-02,-3.553268039087877778e-02
-4.211905921491292948e-01,1.262441290907706237e-01,8.981430314572277362e-01
-7.626901785655562094e-01,-5.838973282544754895e-01,-2.781503219069236810e-01
-8.135901060002969087e-01,-5.004036209882090080e-01,-2.960867364815830682e-01
9.493067354810987846e-01,2.511110700457114264e-01,1.891030207868637514e-01
8.936353460974082452e-01,-2.002878060200541377e-01,4.016225379196721734e-01
-2.232827978131759206e-01,3.308835641327418364e-01,-9.168755963529261477e-01
-8.714051858780350601e-01,-5.697131134763080279e-02,4.872445707323974640e-01
5.005766980130945676e-01,5.282993763626974149e-01,6.858008007731486444e-01
6.488093760666600873e-02,2.291927415552617031e-01,-9.712163256214667584e-01
-2.667359969571509448e-01,4.244877854671895712e-01,8.652525804159361122e-01
-3.487589333329285668e-01,-9.358043811765227593e-01,-5.135529759725907667e-02
1.972510726921136714e-01,-5.238656687730780526e-01,-8.286475580141090536e-01
-3.993891372500320003e-01,-8.430526681731141947e-01,-3.602089889673327772e-01
-1.277226233914700582e-01,-3.239672376687297017e-01,9.374071476105212408e-01
3.986862470105165812e-01,3.627590589830803069e-01,8.422916012702367228e-01
-7.621535860416750463e-01,6.438120290630759968e-01,-6.802927691442789415e-02
3.072940782053545372e-01,-5.447026975116104897e-01,-7.803007886856814235e-01
6.148878758699577451e-01,2.675803536800473448e-01,-7.418312843447572025e-01
-4.885342467093550245e-01,5.812053811315551766e-01,-6.507953554965235643e-01
8.196809497858834614e-01,-4.804461873253214055e-01,3.119208259200950129e-01
-4.233812658194591183e-01,6.333581007021410469e-01,-6.477698820013854109e-01
-1.982461243826715291e-01,-1.018632961697966922e-03,-9.801517415962385238e-01
7.501793679634348733e-01,-6.001407842066116549e-01,-2.776003512495159864e-01
-3.716891604763886137e-01,-9.249114154702070545e-01,-7.991271186272932980e-02
9.526420999679972024e-01,3.033907503166280439e-01,-2.066596213288020983e-02
-5.102952738909859454e-01,-3.790945721164797055e-02,8.591633177099926577e-01
-6.928528458402420931e-01,6.085902541704036883e-01,3.867464757950372367e-01
8.625720027246187582e-01,5.058119469582221805e-01,-1.112719326573780206e-02
6.839397695520549325e-01,5.984342394990492808e-01,-4.172563392211994793e-01
-3.774976340910380368e-01,3.922722659148399071e-02,9.251793128629763885e-01
-6.486424826159237211e-01,-7.580937905210932692e-01,6.750358893578842223e-02
2.240386693426562117e-02,5.000886963715205358e-01,8.656843319061660047e-01
-1.223265642625012972e-01,6.607927516759384279e-01,-7.405330181756069052e-01
-4.618982291390826833e-01,-7.330958320505112646e-02,-8.838980319745491920e-01
-1.354207476302976554e-01,9.907719704699271546e-01,-5.667772259813387559e-03
1.262855324377697985e-01,-8.881612424139702089e-01,-4.418388527173475189e-01
-3.077617294898662426e-01,-2.610584156236385733e-01,9.149487534793858678e-01
4.002167468471720668e-01,-9.005612130538213078e-01,1.697529295361248913e-01
2.310224494116498994e-01,5.648859998671240668e-01,7.921694484275197956e-01
-5.670815986504260664e-01,-4.523224279236333079e-01,-6.883479364894954378e-01
-2.578947552632041007e-01,3.913904641635226334e-01,8.833480626398600988e-01
-2.989923677518894207e-01,-9.037660511749984193e-01,3.062849796670890079e-01
-3.175244286786202408e-01,7.418807367147919329e-01,-5.905854804207715247e-01
6.943504533368069498e-02,9.975128868574584251e-01,-1.211672533356141813e-02
-4.604035827928401048e-01,-7.889694955124402220e-01,-4.068853353247841032e-01
4.414619105975732816e-01,-7.454083223750005427e-01,4.994775414627041221e-01
-9.363495774287644569e-01,-1.940658404377403612e-01,-2.925541290499381053e-01
3.054867444700963830e-01,-9.206351309755620438e-01,2.431230235223964253e-01
8.155198323605390431e-01,-5.750625991169312501e-01,6.504160302081861411e-02
-8.798981432451897788e-01,4.750246694675578918e-01,-1.143769692311964736e-02
-3.517554464528761526e-01,2.315688771666661039e-01,9.069972221669189150e-01
-1.572224589036841369e-01,4.520299671471152414e-01,-8.780375887268477841e-01
-5.512444563728832181e-01,2.398571329809550956e-01,7.991233353346158808e-01
6.522279392250689423e-01,-7.556772449909275879e-01,-5.958705142177568581e-02
-7.848849418995265115e-01,3.433036685380410624e-01,5.158470889204471721e-01
-6.599925512466336963e-01,-6.819835404714349458e-01,3.151321672330615886e-01
-2.271971785611336392e-01,-4.696947626031951900e-02,9.727154313331785040e-01
-3.487621045174670864e-01,-4.789791759462116993e-01,-8.055705701317763534e-01
6.992536804261775263e-01,-2.238483149538716410e-01,-6.789228397268407544e-01
6.422095122882574003e-01,6.974462655803651545e-01,-3.180183154387200006e-01
-8.452272459618795919e-01,4.306495083075519426e-01,-3.164362553156009894e-01
3.230849549875041138e-01,-8.694249555321527101e-01,3.737865146826951923e-01
-8.760974547771475107e-01,4.820135888222067955e-01,-1.077728740177625461e-02
-7.828332931909797177e-01,-3.501882275879480977e-01,5.143347551260530892e-01
2.944758432556371722e-02,2.718640953352412515e-01,9.618850001143274264e-01
-7.125467986406067711e-01,7.008850087984819233e-01,3.220658610555179879e-02
-5.635963669478576410e-01,-8.156164363303511911e-01,-1.308776678847616837e-01
5.066388857406169954e-01,-9.509732227729064680e-02,8.568976244284932653e-01
-7.590970543271513549e-01,-2.386066889758925100e-02,-6.505400299686419086e-01
3.153332506654482614e-01,8.376913046294408582e-01,-4.459127932376319436e-01
-9.866066898788877770e-01,6.305342325093657441e-02,1.504377123681511497e-01
2.149241680845528912e-01,7.191038226794668198e-01,-6.608307606194954165e-01
2.827870516195162276e-01,5.173800299891715415e-01,-8.076814892052096573e-01
4.395721327986255589e-01,-8.808854410714700434e-01,-1.755482263515903141e-01
3.240828369951642696e-01,-5.688758715016304368e-01,-7.558773429521660203e-01
-7.526020857704258764e-03,-7.099803833959781318e-01,-7.041812367586551824e-01
4.254620631461230040e-01,-7.976248744357266052e-01,4.275237917412733624e-01
2.142325106407646229e-01,-9.061885138876307755e-01,-3.645912899160947407e-01
7.118987946778185805e-01,-6.317777607804211382e-01,-3.066870833920888328e-01
4.656432204070727332e-01,8.276975309245840906e-01,-3.131983214997767218e-01
-2.807720103307191906e-01,6.059240622304623569e-01,7.443272862289688208e-01
7.436381375388454451e-01,3.576993675502961739e-02,-6.676247688801683067e-01
-8.169040995691444484e-01,4.481388553146439802e-01,3.630967618478658232e-01
6.338524028965033530e-01,2.884424052208297007e-01,-7.176573766169699331e-01
6.694828486848428684e-01,-6.898648288369519932e-01,-2.754618544383063972e-01
5.543894687862069293e-02,5.392601628474703590e-01,8.403124418540457441e-01
7.110955698761856070e-01,-2.878587604090440677e-01,6.414673994508460764e-01
4.234999349047802175e-01,-1.789280566875044720e-01,8.880498610245260993e-01
2.294135310087944690e-01,5.644633737235087434e-01,7.929379115130964495e-01
3.438674377156490936e-01,7.294630647759491326e-01,-5.913026487396736419e-01
-4.464038572940545735e-01,-8.420306232851164641e-01,3.028333298087709236e-01
3.963749555175064554e-01,2.282257397330201831e-01,8.892693103676807542e-01
-4.002852477562726663e-02,4.886140471295503107e-01,-8.715813388043415211e-01
-3.814782332028208711e-01,5.764605027342316612e-01,7.226116843643278775e-01
-2.140456411682130633e-01,-6.892850566195221629e-02,-9.743886927731144620e-01
-3.706838954366103445e-01,7.809640295111865971e-01,5.026814441309632731e-01
9.989604347518697969e-01,7.151109192857134020e-03,-4.502123318687512032e-02
-6.782903054743187887e-01,6.309002777053718258e-01,3.766790425426404521e-01
1.938001975330206628e-01,-2.429515905210723470e-01,-9.504819872566989680e-01
7.136349922745037766e-01,-3.513933383920595510e-01,-6.060097520131605409e-01
5.014114811114291914e-01,-3.345816980132696461e-01,7.978982478763818609e-01
3.479229371034064378e-01,3.937061463319097565e-01,-8.508496342937545975e-01
9.314075008142965739e-01,1.763561694917076816e-01,-3.184000139903861992e-01
5.240993951700959053e-02,-9.775871397739807067e-01,2.039033653188458972e-01
-4.591658201206449963e-01,-5.909736536636497339e-01,-6.632623088253786214e-01
5.444132661740559431e-01,-3.391179821169240105e-01,7.672113071498896097e-01
-2.689355190801036022e-01,-8.040712108335172914e-01,-5.302293602638736836e-01
8.898585639542834214e-01,-1.463475163272203727e-01,-4.321274587689084012e-01
9.617243427059575522e-02,3.881493876109594621e-01,9.165647362754609784e-01
7.043250009334633965e-01,-1.982002471943056232e-01,-6.816472365323524851e-01
-4.116933723260140510e-01,1.961046379317168131e-01,-8.899727738332808835e-01
-9.549735684372590017e-01,2.873559385173267700e-01,-7.383798605754579580e-02
-1.523094672275101397e-02,-9.515510704728795677e-01,-3.071132991972922444e-01
-5.928706496454091424e-01,5.209616731508533993e-01,6.140873943478190045e-01
-7.236939379185960419e-01,-3.668572920540213445e-01,-5.845364073235010949e-01
-4.245040429915138414e-01,-7.375668852546958532e-02,-9.024169038651791430e-01
-6.749875351273729729e-01,-7.273703428815071481e-01,1.237910001539371113e-01
3.043061968379894705e-02,-9.812532513239897725e-01,1.903051080548265050e-01
-3.342759546010191096e-01,-1.737060575622270397e-01,9.263292026821596803e-01
6.397204360132543455e-01,-6.594645451933990321e-01,3.947965012254733841e-01
4.733619292927858102e-01,-7.334871265513064342e-01,4.877756852075750826e-01
7.060997849853158925e-01,-5.474345046322961483e-01,-4.491531551505379971e-01
8.622623518163315959e-01,2.041472662386543124e-01,4.634949086316403899e-01
2.057793475491537516e-01,2.455694574589820933e-01,-9.472858605962330980e-01
6.532362324316552948e-01,7.380080220768560073e-01,-1.691939242074116112e-01
-5.450194908787080184e-02,-9.541177891792080867e-01,2.944295873675122355e-01
4.315644270686003203e-01,-8.436230576201766973e-02,8.981286915890542843e-01
-3.082525701064517953e-01,4.251011867868149108e-01,-8.510401482980745058e-01
-2.255040555065736529e-01,-7.269821363499618938e-01,6.485714258107070362e-01
-4.533638808503390183e-01,-1.904950695903156743e-01,8.707311984775212288e-01
-1.995544743742395377e-01,-6.762530494543632642e-01,7.091260994075000434e-01
6.694692726224990009e-01,-6.653741317513379716e-01,3.302849645540277268e-01
-8.469191266257903861e-01,3.372658963117863284e-01,4.110714148909114241e-01
-2.479489838182049322e-01,-7.301024120054205868e-01,-6.367666522419233033e-01
-7.389653256809822768e-01,-6.696415125915430311e-01,-7.423268859006824927e-02
-4.314065643526058813e-01,3.654810615819082953e-01,8.248102629444192813e-01
-7.749387229612511030e-01,2.422206345302234942e-01,5.837800440773570632e-01
5.121796954399447932e-01,3.882674344653528481e-02,8.580002584920254360e-01
2.747019124456092087e-01,-8.033010862967768784e-01,5.284375308900221002e-01
7.228465033246556093e-01,-6.909675446971388357e-01,7.535569422825729065e-03
5.107161542513036778e-01,-2.001003298240364159e-01,8.361392633952016151e-01
8.176173437343747796e-01,-2.873581787185242042e-01,-4.989260028785009182e-01
3.354255072602660426e-01,8.798845532974541861e-01,-3.365901096998137332e-01
6.783430213375438722e-01,-6.618565935343508899e-01,3.190557866545561394e-01
-2.445200097697719233e-01,6.331110357110238951e-01,7.344252046894260699e-01
-6.237687654314580943e-01,-4.525882217778238736e-01,6.372412641850038195e-01
-9.780936810474119003e-01,-2.081077135107195497e-01,-4.891898656338488326e-03
-9.386232223343780046e-01,-2.285992756491170980e-02,-3.441858076771261432e-01
-2.720091992023875305e-01,7.103182035160923169e-01,-6.491987717971650085e-01
8.646674944347673142e-01,-3.629362754955650638e-01,-3.473145317969130730e-01
7.694376746960047697e-01,3.073268803412455008e-01,5.599248640470640970e-01
7.793192179671735165e-01,-3.145360945953731280e-01,-5.419673437613410361e-01
-3.493371724130357459e-01,-2.624465157785082492e-01,8.994917266579977033e-01
5.262641580943987485e-01,-6.077235603186985635e-01,-5.947420534473401021e-01
5.159462748683447675e-01,5.957397476956424187e-01,6.155433327272828992e-01
-6.555105491859904987e-01,-3.752430263891008422e-01,6.553614201738074962e-01
1.737666920174262691e-02,-9.931783289512315926e-01,-1.153033315611150800e-01
-2.908243097099409424e-01,4.816962991498823649e-02,9.555631363942360679e-01
3.174129783012329953e-01,-3.509665070085305483e-01,8.809492108879899419e-01
5.350569110416998342e-01,4.606845225045048675e-01,7.081552602864085166e-01
8.503410983336118223e-01,-4.919212191720946925e-01,1.869051380059593148e-01
-6.691059916825841114e-01,3.554449178684833122e-01,-6.526531102016851493e-01
-4.185998640055080822e-01,-3.042294672068191486e-01,8.556977183197493897e-01
5.619778527979235605e-01,-8.269967467966412578e-01,1.603975537242794541e-02
-4.967607476512236886e-01,-8.525638558081818363e-01,-1.623688127766015343e-01
-1.446631568639919485e-01,9.759007502589992500e-01,1.633716520393500848e-01
-7.756461866357997614e-01,-3.272493245667888462e-01,5.397044308952101410e-01
6.322254865328933437e-01,-4.990267070718149012e-01,-5.926746829478269918e-01
8.835651152428779520e-01,1.720709543273133968e-01,-4.355505410428591739e-01
1.800663826507913345e-01,-9.835952294164042042e-01,-1.079455920128601781e-02
2.017740162264196058e-01,6.334325266593804349e-01,-7.470277642402416429e-01
4.017129404579116575e-02,-9.728819961033209340e-01,2.277869372740770892e-01
-6.438223706484683673e-01,-3.056806260667498942e-01,-7.014642613134514093e-01
5.765680074154437840e-01,7.775524434651336358e-01,-2.509612131114787315e-01
-5.125844902288433265e-03,-9.762817237534009429e-01,-2.164433449638170359e-01
-3.421547309611655541e-02,9.142339395986540662e-01,-4.037395262873497148e-01
8.193732012151110355e-01,5.547243003131326899e-01,1.445977447009682559e-01
9.612316857403684356e-01,1.884301350353545235e-01,2.013150032642561371e-01
-6.208618688191069185e-02,7.420974018005840334e-01,6.674104821167305968e-01
-4.383486083094629837e-01,-8.858543027624429245e-01,-1.520284574361755459e-01
-5.724260635441184020e-01,-6.916574323272603464e-02,8.170339660861410946e-01
-9.829868107683781275e-01,-1.738473000811004976e-01,5.927939026276094620e-02
3.210021700390175425e-01,-9.118897933848527648e-01,-2.557628032978452870e-01
1.289867373463544631e-01,9.044816749461402905e-01,-4.065406760403775244e-01
-9.079731127380048505e-01,2.766061358194722986e-01,-3.147600231476007093e-01
-8.709191109090501648e-01,-4.676495442578105233e-01,-1.510092911341940625e-01
-2.621415529548862811e-01,-9.000622070011011777e-01,3.480945701137947434e-01
6.812383901329386315e-01,3.411134698497775286e-01,-6.477313150497872041e-01
-3.957393931809223830e-01,-8.290377718859359701e-02,9.146131949696874042e-01
6.246598689467065535e-01,-7.790706134220500845e-01,5.337628152722921626e-02
2.533112673898516021e-01,8.736392618400731225e-01,4.154369290095420442e-01
4.737463374007874206e-01,2.921161211111449399e-02,8.801767376596639769e-01
2.163722125703912702e-01,-5.344640044830836212e-01,8.170258830289894858e-01
6.801379053509782890e-01,-5.065079843625039935e-01,-5.299642360403361563e-01
4.871197726094292357e-01,8.090237144194840635e-01,3.289300178454970247e-01
1.337563718392543732e-01,8.403817169095479933e-01,5.252311899312146481e-01
1.032705392982049553e-01,6.438024391861958406e-01,-7.581910148577090114e-01
1.927547804683205079e-01,9.717401480611486120e-01,-1.362596024238536818e-01
-5.620343357077456359e-01,-4.338878750530352213e-01,-7.041723633937324589e-01
-4.863929014161138542e-01,-2.385296061251368227e-01,-8.405507554299156414e-01
-2.376382311128677829e-02,6.767665468888095504e-01,-7.358140537685672333e-01
7.994384657848314646e-01,2.577000454318727485e-01,5.426682467290725453e-01
-4.524221024457952267e-01,5.246901816263982443e-01,-7.211202774318468123e-01
8.424006910792783964e-01,1.291702249635553745e-01,5.231406394575159879e-01
-7.457678689808140415e-01,-5.692372359042796592e-01,3.461202895755619569e-01
-5.626424569726972136e-01,2.413634243368587284e-01,-7.906814548249577745e-01
5.042995244590406934e-01,-7.986826324298911262e-01,3.283108927301145452e-01
5.321501400179518004e-01,-6.776620906035999425e-01,5.075335648384574627e-01
1.776553318030451856e-01,-4.798453261174979723e-01,-8.591781224432695208e-01
-7.768426733074111912e-01,1.234558213815013794e-01,-6.174739841447681732e-01
6.896803079699863337e-02,-4.265647176316306743e-01,9.018236814365828691e-01
-4.002620613646585279e-01,-4.291459310432071406e-01,8.097061517002160924e-01
4.881214054104260347e-01,4.562694230836027987e-01,7.440132439272210130e-01
-8.629304330747834539e-01,3.931863695220276789e-01,3.174201419183318440e-01
-9.638481489365530175e-01,-2.591427184667883243e-01,-6.198223339976796642e-02
-1.250259052262723825e-01,2.042648846300934296e-01,9.708987485466266110e-01
5.752729457762202347e-01,-7.490631693033225069e-01,3.285808975750294514e-01
7.542096045404308446e-01,2.056542279105453008e-01,6.235977958279554922e-01
8.886966794252622037e-01,4.477937789734446894e-01,9.848321426108408438e-02
9.947641193410063920e-01,1.020814193330488451e-01,-4.871416494445925116e-03
-2.219064052492449313e-01,8.522154772121522948e-01,-4.737998815000079023e-01
7.027089886733270951e-01,2.203425340092458051e-01,-6.764977789646424711e-01
1.435627009051655689e-01,-9.533655646769707559e-01,2.654879488733424830e-01
7.946661091448875558e-01,-6.004018902369965272e-01,8.957312753481012912e-02
8.432157174919034937e-01,-2.380117897341234301e-01,-4.820141509563529159e-01
5.964909129328327397e-01,8.025343779379956466e-01,-1.171166154865013395e-02
5.368735300730592686e-01,7.258884402502581157e-01,-4.299450953528130559e-01
-2.520377073478820007e-01,5.673745270482194458e-01,7.839407759082523963e-01
2.327235792664886227e-01,-4.113542340269367714e-01,8.812646763609139899e-01
-7.603716296154738874e-01,-5.002608540462673004e-01,4.142149958473349547e-01
8.578837822056570861e-01,4.649850059377942380e-01,2.186878151190557451e-01
6.189865133561364141e-01,-1.956339999452848255e-03,7.853991781362010816e-01
-9.888569637021755732e-01,-1.254114172039611785e-01,8.021148155101122390e-02
-9.441856111186851530e-01,2.729184008645055837e-01,-1.844697217052052585e-01
7.259053319108598190e-01,6.545167627701810042e-01,-2.113510263902854958e-01
-3.691426132501099411e-01,-2.254674343095483258e-01,-9.016086552095367024e-01
1.052744214402688422e-01,-5.632492664618961031e-01,-8.195532685680367857e-01
4.921999630744819942e-01,5.020461397653527280e-01,-7.111180421675339369e-01
7.675759644234749768e-01,-6.081295575607836845e-01,2.024983458211395970e-01
8.728691457901254225e-01,-8.655965795680220509e-02,4.802154515860752593e-01
-8.581721586771803301e-01,-3.687393077095122429e-01,-3.571720440085676684e-01
-4.454326392130006362e-01,-1.198006629516742694e-01,-8.872640898177271973e-01
-7.766880892425329641e-01,-4.769677949328394173e-01,-4.114089627435065788e-01
-5.257346914177534192e-01,-1.971037510125950021e-01,8.274981242133692128e-01
5.060430009823319031e-01,-4.198183358153446121e-01,-7.534408046223871613e-01
-8.581409805660682455e-01,-4.160916382834946026e-01,-3.007686918940608023e-01
